ttrip_id,oeast,onrth,deast,denrth,expan_fac,expan_fac/10,choice,av1,autodis,autotime,num_cars,parking_fare,congcharg,av2,av3,walktime,walkdis,av4,biketime,bikedis,av5,bus_transittime,bus_transitwalktime,bus_transitinvehtime,bus_transitnumtransfers,bus_fare,av6,rail_transittime,rail_transitwalktime,rail_transitinvehtime,rail_transitnumtransfers,rail_fare,av8,pnk_transittime,pnk_fare,pnk_transitnumtransfers,pnk_transitwalktime
50800110101.00,546374,167545,547726,170309,449.58,44.958,1,1,4182,670,1,0.47,0,1,1,3001,4076,1,798,4182,1,1798,1192,619,0,1.3,0,0,0,0,0,0,1,1798,1.3,0,1192
60661610101.00,542543,158564,542653,158159,419.47,41.947,1,1,694,115,1,0.47,0,1,1,526,694,1,202,694,0,416,397,0,0,0,0,0,0,0,0,0,0,0,0,0,0
90691710401.00,545579,169613,546848,168550,358.6,35.86,1,1,2069,291,3,0.47,0,1,1,1491,2066,1,433,2080,1,672,470,206,0,1.3,0,0,0,0,0,0,1,672,1.3,0,470
70713010201.00,546691,165535,543210,168258,414.54,41.454,1,1,6432,804,1,0.47,0,1,1,3831,5141,1,1231,5892,1,2063,611,1468,0,1.3,1,2427,2061,360,0,1.65,1,2245,1.475,0,1336
50711710101.00,545386,165787,543802,164935,679.34,67.934,1,1,2108,283,1,0.47,0,1,1,1580,2089,1,445,2104,1,830,529,300,0,1.3,0,0,0,0,0,0,1,830,1.3,0,529
70682310301.00,546113,164605,543210,168258,428.97,42.897,1,1,6922,907,2,0.47,0,1,1,4312,5731,1,1437,6608,1,2452,1403,1053,0,1.3,0,0,0,0,0,0,1,2452,1.3,0,1403
60421810101.00,545653,171472,546344,171760,569.17,56.917,1,1,1191,211,1,0.47,0,1,1,811,1118,1,259,1118,1,631,539,80,0,1.3,0,0,0,0,0,0,1,631,1.3,0,539
50760210201.00,543046,170877,542533,169755,511.94,51.194,1,1,2446,282,1,0.47,0,1,1,1811,2446,1,582,2449,1,1600,1398,209,0,1.3,0,0,0,0,0,0,1,1600,1.3,0,1398
90780810102.00,544391,167544,544818,166520,663.49,66.349,1,1,1365,224,1,0.47,0,1,1,1006,1327,1,296,1365,1,331,128,209,0,1.3,0,0,0,0,0,0,1,331,1.3,0,128
70692110202.00,545560,169376,546511,169312,471.99,47.199,1,1,1288,183,2,0.47,0,1,1,905,1272,1,224,1288,1,523,334,185,0,1.3,0,0,0,0,0,0,1,523,1.3,0,334
80710710201.00,545601,166590,547122,168452,287.81,28.781,1,1,3585,441,2,0.47,0,1,1,2311,3221,1,620,3221,1,1655,1249,406,0,1.3,0,0,0,0,0,0,1,1655,1.3,0,1249
90650910101.00,541487,167936,543195,169421,427.2,42.72,1,1,3039,440,3,0.47,0,1,1,2233,2978,1,706,3390,1,1727,1478,260,0,1.3,1,1803,269,748,1,1.45,1,1765,1.375,0.5,873
50712510203.00,545273,164430,543168,165005,289.42,28.942,1,1,3038,455,2,0.47,0,1,1,2226,2885,1,748,3117,1,668,167,498,0,1.3,0,0,0,0,0,0,1,668,1.3,0,167
60802710201.00,546883,166628,547726,170309,465.68,46.568,1,1,4673,697,1,0.47,0,1,1,3380,4567,1,882,4673,1,1629,903,738,0,1.3,0,0,0,0,0,0,1,1629,1.3,0,903
90672010103.00,543802,164935,545173,165821,223.94,22.394,1,1,1885,280,2,0.47,0,1,1,1363,1875,1,377,1926,1,931,643,269,0,1.3,0,0,0,0,0,0,1,931,1.3,0,643
80672210101.00,543207,165308,543802,164935,689.66,68.966,1,1,951,157,2,0.47,0,1,1,717,951,1,250,951,1,424,308,96,0,1.3,0,0,0,0,0,0,1,424,1.3,0,308
60811010102.00,544822,166769,544076,165825,373.27,37.327,1,1,1635,177,2,0.47,0,1,1,1181,1542,1,359,1635,1,362,158,203,0,1.3,0,0,0,0,0,0,1,362,1.3,0,158
70710910201.00,545579,166265,543014,164968,379.47,37.947,1,1,4590,526,1,0.47,0,1,1,2729,3568,1,913,4137,1,1097,654,444,0,1.3,0,0,0,0,0,0,1,1097,1.3,0,654
70672410101.00,544441,165280,548852,164218,407.22,40.722,1,1,5823,669,1,0.47,0,1,1,4187,5531,1,1346,5901,1,2209,1254,950,0,1.3,0,0,0,0,0,0,1,2209,1.3,0,1254
50783010101.00,545144,166629,544421,167643,1025.77,102.577,1,1,2028,346,1,0.47,0,1,1,1343,1845,1,357,1845,1,1049,850,188,0,1.3,0,0,0,0,0,0,1,1049,1.3,0,850
80801810101.00,547736,165700,546890,164041,321.39,32.139,1,1,3445,394,1,0.47,0,1,1,2329,3083,1,789,3194,1,2025,365,1139,1,1.3,1,2039,417,940,1,1.45,1,2032,1.375,1,391
90780810101.00,543925,167228,544391,167544,663.49,66.349,1,1,769,194,1,0.47,0,1,1,504,697,1,145,746,1,413,344,76,0,1.3,0,0,0,0,0,0,1,413,1.3,0,344
80810110601.00,546064,167466,545845,167071,326.83,32.683,1,1,2246,256,1,0.47,0,1,1,1547,2112,1,450,2112,1,970,829,139,0,1.3,0,0,0,0,0,0,1,970,1.3,0,829
70812010101.00,547444,168449,544612,169787,586.26,58.626,1,1,3560,447,1,0.47,0,1,1,2778,3550,1,950,3560,1,1207,808,397,0,1.3,0,0,0,0,0,0,1,1207,1.3,0,808
60810410101.00,546508,168002,546346,170945,395.66,39.566,1,1,4298,543,2,0.47,0,1,1,3135,4189,1,869,4328,1,1237,608,630,0,1.3,0,0,0,0,0,0,1,1237,1.3,0,608
70671210101.00,542693,166206,543289,167542,421.03,42.103,1,1,3041,414,1,0.47,0,1,1,1564,2144,1,393,2208,1,1308,1141,165,0,1.3,0,0,0,0,0,0,1,1308,1.3,0,1141
80680210101.00,545016,164364,546232,166175,561.06,56.106,1,1,3330,482,1,0.47,0,1,1,2075,2879,1,523,2945,1,799,201,576,0,1.3,0,0,0,0,0,0,1,799,1.3,0,201
50663110102.00,541216,159336,542291,159427,779.46,77.946,1,1,2134,256,0,0.47,0,1,1,1437,1742,1,634,1888,1,813,573,245,0,1.3,0,0,0,0,0,0,1,813,1.3,0,573
80711710301.00,544439,164667,541797,165342,295.66,29.566,1,1,3400,390,1,0.47,0,1,1,2516,3395,1,694,3395,1,1761,1413,350,0,1.3,0,0,0,0,0,0,1,1761,1.3,0,1413
80802810101.00,547301,165829,546808,167601,394,39.4,1,1,2187,329,2,0.47,0,1,1,1527,2187,1,448,2187,1,1270,1178,90,0,1.3,0,0,0,0,0,0,1,1270,1.3,0,1178
90682110101.00,545673,163650,545931,164638,302.28,30.228,1,1,1719,304,1,0.47,0,1,1,1247,1630,1,442,1719,1,356,100,240,0,1.3,0,0,0,0,0,0,1,356,1.3,0,100
90802510101.00,547341,165950,545888,166877,360.18,36.018,1,1,2179,325,1,0.47,0,1,1,1552,2114,1,533,2114,1,1093,649,471,0,1.3,0,0,0,0,0,0,1,1093,1.3,0,649
90800110301.00,547276,167528,544956,170418,486.62,48.662,1,1,5211,661,1,0.47,0,1,1,3891,5100,1,1246,5652,1,1922,1242,662,0,1.3,0,0,0,0,0,0,1,1922,1.3,0,1242
90710810101.00,545236,165726,544014,162501,322.87,32.287,1,1,4521,447,2,0.47,0,1,1,3128,4091,1,1055,4101,1,2148,1135,997,0,1.3,0,0,0,0,0,0,1,2148,1.3,0,1135
90780810104.00,543925,167228,547665,171021,663.49,66.349,1,1,7723,874,1,0.47,0,1,1,5010,6923,1,1331,7416,1,2827,1087,1139,1,1.3,0,0,0,0,0,0,1,2827,1.3,1,1087
60782410102.00,543168,165005,544098,166089,543.25,54.325,1,1,1642,311,2,0.47,0,1,1,1146,1592,1,342,1642,1,619,452,169,0,1.3,0,0,0,0,0,0,1,619,1.3,0,452
70671210301.00,542693,166206,543289,167542,507.81,50.781,1,1,3041,414,1,0.47,0,1,1,1564,2144,1,393,2208,1,1308,1141,165,0,1.3,0,0,0,0,0,0,1,1308,1.3,0,1141
50801010101.00,547222,167723,546370,168404,314.5,31.45,1,1,1766,303,0,0.47,0,1,1,1294,1651,1,510,1849,1,967,772,202,0,1.3,0,0,0,0,0,0,1,967,1.3,0,772
90761210202.00,547166,168651,546430,171622,724.2,72.42,1,1,3939,424,2,0.47,0,1,1,2844,3696,1,876,3724,1,900,195,699,0,1.3,0,0,0,0,0,0,1,900,1.3,0,195
50800310201.00,546462,167414,547332,166105,739.42,73.942,1,1,2474,376,2,0.47,0,1,1,1880,2470,1,638,2474,1,1409,1208,192,0,1.3,0,0,0,0,0,0,1,1409,1.3,0,1208
80810110501.00,546064,167466,545845,167071,409.55,40.955,1,1,2246,256,1,0.47,0,1,1,1547,2112,1,450,2112,1,970,829,139,0,1.3,0,0,0,0,0,0,1,970,1.3,0,829
70781510101.00,544722,167399,547968,165867,678.8,67.88,1,1,4731,564,2,0.47,0,1,1,3172,4227,1,1031,4536,1,2223,321,1266,1,1.3,1,2077,472,1280,1,1.65,1,2150,1.475,1,396
80810710101.00,546685,169182,547213,166614,528.55,52.855,1,1,3447,580,1,0.47,0,1,1,2504,3304,1,787,3539,1,1530,989,540,0,1.3,0,0,0,0,0,0,1,1530,1.3,0,989
80710710102.00,547122,168452,545601,166590,280.61,28.061,1,1,3553,443,2,0.47,0,1,1,2466,3220,1,738,3192,1,1699,853,845,0,1.3,0,0,0,0,0,0,1,1699,1.3,0,853
90672010102.00,542273,165799,543802,164935,223.94,22.394,1,1,2692,360,2,0.47,0,1,1,1864,2379,1,702,2619,1,932,632,300,0,1.3,0,0,0,0,0,0,1,932,1.3,0,632
80810110201.00,546064,167466,545845,167071,412.31,41.231,1,1,2246,256,1,0.47,0,1,1,1547,2112,1,450,2112,1,970,829,139,0,1.3,0,0,0,0,0,0,1,970,1.3,0,829
70711810401.00,545936,165374,543802,164935,435.95,43.595,1,1,2871,407,3,0.47,0,1,1,2208,2851,1,699,2866,1,1243,497,773,0,1.3,0,0,0,0,0,0,1,1243,1.3,0,497
50662210101.00,543876,159176,542044,158688,393.1,39.31,1,1,3402,422,2,0.47,0,1,1,2191,2947,1,634,2947,1,1219,587,600,0,1.3,0,0,0,0,0,0,1,1219,1.3,0,587
70651110401.00,543235,168994,543289,167542,296.42,29.642,1,1,1842,268,1,0.47,0,1,1,1346,1838,1,372,1842,1,992,556,440,0,1.3,0,0,0,0,0,0,1,992,1.3,0,556
80671820101.00,544780,165766,544228,169934,988.3,98.83,1,1,6029,669,1,0.47,0,1,1,4353,5882,1,1201,6122,1,1671,554,1116,0,1.3,1,2333,713,936,2,1.65,1,2002,1.475,1,633
70812010201.00,547444,168449,544587,169860,533.21,53.321,1,1,3775,492,1,0.47,0,1,1,2869,3668,1,1009,3775,1,1298,899,397,0,1.3,0,0,0,0,0,0,1,1298,1.3,0,899
60442010101.00,548176,171005,546899,171133,287.85,28.785,1,1,1776,336,1,0.47,0,1,1,1359,1776,1,479,1842,1,971,756,240,0,1.3,0,0,0,0,0,0,1,971,1.3,0,756
90800110202.00,544956,170418,546171,166114,459.85,45.985,1,1,5704,646,1,0.47,0,1,1,4047,5524,1,1087,5867,1,1604,668,941,0,1.3,0,0,0,0,0,0,1,1604,1.3,0,668
60802710101.00,546883,166628,547726,170309,466.11,46.611,1,1,4673,697,1,0.47,0,1,1,3380,4567,1,882,4673,1,1629,903,738,0,1.3,0,0,0,0,0,0,1,1629,1.3,0,903
70651110201.00,543235,168994,543289,167542,296.42,29.642,1,1,1842,268,1,0.47,0,1,1,1346,1838,1,372,1842,1,992,556,440,0,1.3,0,0,0,0,0,0,1,992,1.3,0,556
90761210201.00,543927,171546,547166,168651,724.2,72.42,1,1,5968,734,2,0.47,0,1,1,4085,5568,1,1171,6616,1,2037,1219,807,0,1.3,0,0,0,0,0,0,1,2037,1.3,0,1219
90690110301.00,544122,168405,544622,166870,294.01,29.401,1,1,2226,343,2,0.47,0,1,1,1389,1869,1,379,1869,1,1185,957,228,0,1.3,0,0,0,0,0,0,1,1185,1.3,0,957
90711610301.00,545897,166344,540562,165786,321.23,32.123,1,1,7813,900,3,0.47,0,1,1,5248,7051,1,1548,7657,1,1925,750,1186,0,1.3,1,2453,1099,1053,1,1.65,1,2189,1.475,0.5,924
80810410401.00,546505,168161,543538,171053,393.93,39.393,1,1,5187,671,1,0.47,0,1,1,3653,4800,1,1173,5108,1,1230,555,676,0,1.3,1,2229,644,960,1,2.25,1,1729.5,1.775,0.5,599
80671820102.00,544228,169934,546977,169670,988.3,98.83,1,1,3984,452,1,0.47,0,1,1,2875,4064,1,721,4369,1,1719,1391,332,0,1.3,0,0,0,0,0,0,1,1719,1.3,0,1391
90672010302.00,542273,165799,543802,164935,218.25,21.825,1,1,2692,360,2,0.47,0,1,1,1864,2379,1,702,2619,1,932,632,300,0,1.3,0,0,0,0,0,0,1,932,1.3,0,632
70711010101.00,545381,166550,546378,166471,465.87,46.587,1,1,1539,251,2,0.47,0,1,1,1065,1524,1,277,1539,1,946,656,289,0,1.3,0,0,0,0,0,0,1,946,1.3,0,656
70780410401.00,543098,168504,542275,168896,138.37,13.837,1,1,1450,180,2,0.47,0,1,1,1038,1401,1,309,1415,1,737,592,144,0,1.3,0,0,0,0,0,0,1,737,1.3,0,592
80712110201.00,544940,165643,543802,164935,292.74,29.274,1,1,1820,301,1,0.47,0,1,1,1317,1801,1,323,1844,1,975,740,233,0,1.3,0,0,0,0,0,0,1,975,1.3,0,740
50711710102.00,543802,164935,545386,165787,679.34,67.934,1,1,2100,304,1,0.47,0,1,1,1505,2089,1,405,2140,1,919,550,350,0,1.3,0,0,0,0,0,0,1,919,1.3,0,550
80811210301.00,545921,168452,542533,169755,807.86,80.786,1,1,4755,647,1,0.47,0,1,1,3626,4755,1,1232,5629,1,2445,1683,475,1,1.3,1,1963,1662,300,0,1.45,1,2204,1.375,0.5,1672
50662210201.00,543876,159176,546454,166762,391.65,39.165,1,1,9440,1106,2,0.47,0,1,1,6488,8916,1,1734,8924,1,2475,1114,1380,0,1.3,0,0,0,0,0,0,1,2475,1.3,0,1114
90780810103.00,544818,166520,543925,167228,663.49,66.349,1,1,1549,208,1,0.47,0,1,1,1122,1519,1,313,1549,1,343,114,236,0,1.3,0,0,0,0,0,0,1,343,1.3,0,114
90673010101.00,544272,165750,545157,166602,223.94,22.394,1,1,2279,297,1,0.47,0,1,1,1589,2187,1,467,2400,1,912,744,167,0,1.3,0,0,0,0,0,0,1,912,1.3,0,744
90802610202.00,546636,168260,547473,167114,459.85,45.985,1,1,1940,310,1,0.47,0,1,1,1365,1812,1,432,1815,1,925,724,199,0,1.3,0,0,0,0,0,0,1,925,1.3,0,724
70650310301.00,541647,167790,542533,169755,597.04,59.704,1,1,3381,474,1,0.47,0,1,1,2084,2733,1,653,2733,1,1958,1884,87,0,1.3,1,2014,1245,480,1,1.45,1,1986,1.375,0.5,1564
80711710101.00,544439,164667,541797,165342,264.18,26.418,1,1,3400,390,1,0.47,0,1,1,2516,3395,1,694,3395,1,1761,1413,350,0,1.3,0,0,0,0,0,0,1,1761,1.3,0,1413
80712110204.00,544738,165822,544306,165419,292.74,29.274,1,1,722,122,1,0.47,0,1,1,526,717,1,132,779,1,502,452,49,0,1.3,0,0,0,0,0,0,1,502,1.3,0,452
90690110102.00,544822,166769,545587,163634,301.67,30.167,1,1,4636,515,2,0.47,0,1,1,2926,3808,1,1065,5332,1,1981,1201,780,0,1.3,0,0,0,0,0,0,1,1981,1.3,0,1201
50662510202.00,541082,160848,541970,158993,453.06,45.306,1,1,2265,280,2,0.47,0,1,1,1748,2265,1,568,2265,1,357,190,213,0,1.3,0,0,0,0,0,0,1,357,1.3,0,190
50711710401.00,545386,165787,543802,164935,757.25,75.725,1,1,2108,283,1,0.47,0,1,1,1580,2089,1,445,2104,1,830,529,300,0,1.3,0,0,0,0,0,0,1,830,1.3,0,529
70682310201.00,546113,164605,543210,168258,355.66,35.566,1,1,6922,907,2,0.47,0,1,1,4312,5731,1,1437,6608,1,2452,1403,1053,0,1.3,0,0,0,0,0,0,1,2452,1.3,0,1403
60660810101.00,543018,159996,542587,159426,392.08,39.208,1,1,2683,393,3,0.47,0,1,1,1980,2683,1,572,2683,1,779,526,282,0,1.3,0,0,0,0,0,0,1,779,1.3,0,526
70781510102.00,547968,165867,544722,167399,678.8,67.88,1,1,4727,572,2,0.47,0,1,1,3076,4157,1,1022,4157,1,1679,372,1031,1,1.3,1,1714,452,940,1,1.65,1,1696.5,1.475,1,412
60690710202.00,546365,166520,546084,169480,489.69,48.969,1,1,4468,508,1,0.47,0,1,1,2990,3966,1,939,4350,1,810,124,685,0,1.3,0,0,0,0,0,0,1,810,1.3,0,124
90671610102.00,543393,169478,540740,166102,301.87,30.187,1,1,5870,732,2,0.47,0,1,1,4362,5841,1,1267,6155,1,2245,446,1500,1,1.3,1,2039,593,1177,1,1.45,1,2142,1.375,1,519
70713010301.00,546691,165535,543210,168258,602.36,60.236,1,1,6432,804,1,0.47,0,1,1,3831,5141,1,1231,5892,1,2063,611,1468,0,1.3,1,2427,2061,360,0,1.65,1,2245,1.475,0,1336
90671610402.00,543393,169478,540740,166102,247.41,24.741,1,1,5870,732,2,0.47,0,1,1,4362,5841,1,1267,6155,1,2245,446,1500,1,1.3,1,2039,593,1177,1,1.45,1,2142,1.375,1,519
50800310401.00,546462,167414,547332,166105,693.06,69.306,1,1,2474,376,2,0.47,0,1,1,1880,2470,1,638,2474,1,1409,1208,192,0,1.3,0,0,0,0,0,0,1,1409,1.3,0,1208
80691810201.00,546677,170028,543196,161610,463.51,46.351,1,1,12268,1305,2,0.47,0,1,1,8041,10374,1,2785,11212,1,2741,400,1665,1,1.3,0,0,0,0,0,0,1,2741,1.3,1,400
80810410301.00,546505,168161,543538,171053,393.93,39.393,1,1,5187,671,1,0.47,0,1,1,3653,4800,1,1173,5108,1,1230,555,676,0,1.3,1,2229,644,960,1,2.25,1,1729.5,1.775,0.5,599
60681710101.00,546953,165728,546331,166459,621.78,62.178,1,1,1536,240,1,0.47,0,1,1,938,1330,1,270,1369,1,645,358,264,0,1.3,0,0,0,0,0,0,1,645,1.3,0,358
80691810105.00,546677,170028,543196,161610,522.24,52.224,1,1,12268,1305,2,0.47,0,1,1,8041,10374,1,2785,11212,1,2741,400,1665,1,1.3,0,0,0,0,0,0,1,2741,1.3,1,400
50781310101.00,544119,167605,543538,171053,674.52,67.452,1,1,5241,596,1,0.47,0,1,1,3663,4875,1,1104,4987,1,1482,389,1092,0,1.3,1,2246,690,635,1,1.65,1,1864,1.475,0.5,539
70811910101.00,547372,168301,545253,168064,624.03,62.403,1,1,2794,435,1,0.47,0,1,1,1932,2487,1,783,2904,1,1304,814,480,0,1.3,0,0,0,0,0,0,1,1304,1.3,0,814
90802410201.00,547045,167174,544418,167487,233.02,23.302,1,1,4180,539,1,0.47,0,1,1,2528,3294,1,924,3563,1,1184,697,485,0,1.3,1,1475,404,703,1,1.65,1,1329.5,1.475,0.5,550
90802610201.00,547473,167114,546636,168260,459.85,45.985,1,1,1944,320,1,0.47,0,1,1,1348,1789,1,449,1819,1,911,631,265,0,1.3,0,0,0,0,0,0,1,911,1.3,0,631
50801110102.00,544524,167644,547447,167777,153.54,15.354,1,1,3701,494,1,0.47,0,1,1,2522,3449,1,739,3701,1,1290,776,512,0,1.3,1,1841,403,1053,1,1.65,1,1565.5,1.475,0.5,589
50760410403.00,543255,167648,546716,168395,690.93,69.093,1,1,5137,615,2,0.47,0,1,1,2918,3937,1,912,4487,1,1550,748,802,0,1.3,0,0,0,0,0,0,1,1550,1.3,0,748
70781810202.00,544251,170018,545522,167607,700.66,70.066,1,1,3215,354,2,0.47,0,1,1,2327,3200,1,628,3214,1,614,277,341,0,1.3,0,0,0,0,0,0,1,614,1.3,0,277
90673010501.00,544272,165750,545157,166602,183.54,18.354,1,1,2279,297,1,0.47,0,1,1,1589,2187,1,467,2400,1,912,744,167,0,1.3,0,0,0,0,0,0,1,912,1.3,0,744
70670410102.00,544822,166769,547110,167293,463.74,46.374,1,1,3010,404,2,0.47,0,1,1,1993,2751,1,650,3010,1,1356,546,808,0,1.3,0,0,0,0,0,0,1,1356,1.3,0,546
70781810201.00,545522,167607,544251,170018,700.66,70.066,1,1,3337,365,2,0.47,0,1,1,2412,3200,1,629,3200,1,716,315,401,0,1.3,0,0,0,0,0,0,1,716,1.3,0,315
70682310202.00,543210,168258,546113,164605,355.66,35.566,1,1,6945,965,2,0.47,0,1,1,4373,5732,1,1443,6628,1,2575,1810,764,0,1.3,0,0,0,0,0,0,1,2575,1.3,0,1810
60811010103.00,544076,165825,547726,170309,373.27,37.327,1,1,8038,1053,2,0.47,0,1,1,5648,7665,1,1678,8562,1,2533,786,1456,1,1.3,0,0,0,0,0,0,1,2533,1.3,1,786
80710710101.00,545601,166590,547122,168452,280.61,28.061,1,1,3585,441,2,0.47,0,1,1,2311,3221,1,620,3221,1,1655,1249,406,0,1.3,0,0,0,0,0,0,1,1655,1.3,0,1249
60811010101.00,545915,168524,544822,166769,373.27,37.327,1,1,3230,376,2,0.47,0,1,1,2268,3084,1,637,3085,1,1579,1433,146,0,1.3,0,0,0,0,0,0,1,1579,1.3,0,1433
50783510101.00,543708,165847,545051,166028,422.66,42.266,1,1,1720,245,1,0.47,0,1,1,1277,1707,1,365,1712,1,890,701,203,0,1.3,0,0,0,0,0,0,1,890,1.3,0,701
60653010101.00,542414,170121,541641,168000,467.17,46.717,1,1,3612,487,3,0.47,0,1,1,2201,2950,1,816,3515,1,2173,2107,54,0,1.3,1,2405,951,1028,1,1.65,1,2289,1.475,0.5,1529
60690710301.00,546084,169480,546388,166264,554.17,55.417,1,1,5666,779,1,0.47,0,1,1,3250,4343,1,1110,4475,1,1005,238,766,0,1.3,0,0,0,0,0,0,1,1005,1.3,0,238
90690110101.00,544122,168405,544822,166769,301.67,30.167,1,1,2300,327,2,0.47,0,1,1,1441,1943,1,372,1943,1,1029,801,228,0,1.3,0,0,0,0,0,0,1,1029,1.3,0,801
70672410102.00,548852,164218,544441,165280,407.22,40.722,1,1,6167,692,1,0.47,0,1,1,4037,5531,1,1222,5699,1,2176,960,1223,0,1.3,0,0,0,0,0,0,1,2176,1.3,0,960
70711810101.00,545936,165374,543802,164935,508.92,50.892,1,1,2871,407,3,0.47,0,1,1,2208,2851,1,699,2866,1,1243,497,773,0,1.3,0,0,0,0,0,0,1,1243,1.3,0,497
90710610201.00,544962,165743,547318,164940,351.73,35.173,1,1,3035,411,1,0.47,0,1,1,2266,3035,1,790,3403,1,1313,448,860,0,1.3,0,0,0,0,0,0,1,1313,1.3,0,448
90660310101.00,542054,158955,541821,159770,319.47,31.947,1,1,1674,239,3,0.47,0,1,1,1216,1629,1,408,1674,1,794,705,108,0,1.3,0,0,0,0,0,0,1,794,1.3,0,705
80712510101.00,546196,165709,546406,166572,298.45,29.845,1,1,1061,227,2,0.47,0,1,1,779,1054,1,270,1061,1,502,373,109,0,1.3,0,0,0,0,0,0,1,502,1.3,0,373
90710810102.00,544014,162501,545236,165726,322.87,32.287,1,1,4542,475,2,0.47,0,1,1,2984,4089,1,977,4671,1,2799,2036,762,0,1.3,0,0,0,0,0,0,1,2799,1.3,0,2036
90673010301.00,544272,165750,545157,166602,183.54,18.354,1,1,2279,297,1,0.47,0,1,1,1589,2187,1,467,2400,1,912,744,167,0,1.3,0,0,0,0,0,0,1,912,1.3,0,744
50783310101.00,544886,166174,541083,160848,549.67,54.967,1,1,8815,1007,1,0.47,0,1,1,6490,8482,1,2053,8756,1,1662,846,816,0,1.3,0,0,0,0,0,0,1,1662,1.3,0,846
90672310201.00,544342,165212,546870,168529,224.45,22.445,1,1,5910,750,2,0.47,0,1,1,3892,5377,1,1214,6489,1,2736,1183,1552,0,1.3,0,0,0,0,0,0,1,2736,1.3,0,1183
60811710101.00,547352,168918,546904,168178,327.55,32.755,1,1,1358,294,1,0.47,0,1,1,1019,1358,1,345,1358,1,707,569,147,0,1.3,0,0,0,0,0,0,1,707,1.3,0,569
80810110401.00,546064,167466,544209,169505,409.55,40.955,1,1,3969,481,1,0.47,0,1,1,2974,3929,1,849,3954,1,1638,1334,303,0,1.3,0,0,0,0,0,0,1,1638,1.3,0,1334
80811210201.00,545921,168452,542533,169755,807.86,80.786,1,1,4755,647,1,0.47,0,1,1,3626,4755,1,1232,5629,1,2445,1683,475,1,1.3,1,1963,1662,300,0,1.45,1,2204,1.375,0.5,1672
50780910201.00,543623,167114,545726,164646,495.52,49.552,1,1,5218,675,2,0.47,0,1,1,3288,4341,1,1080,5142,1,2033,1392,641,0,1.3,0,0,0,0,0,0,1,2033,1.3,0,1392
70672410401.00,544441,165280,548852,164218,491.15,49.115,1,1,5823,669,1,0.47,0,1,1,4187,5531,1,1346,5901,1,2209,1254,950,0,1.3,0,0,0,0,0,0,1,2209,1.3,0,1254
90680810301.00,545995,163449,546442,166282,302.34,30.234,1,1,4182,631,2,0.47,0,1,1,2884,3922,1,811,4005,1,1449,813,630,0,1.3,0,0,0,0,0,0,1,1449,1.3,0,813
60811010301.00,545915,168524,544822,166769,334.26,33.426,1,1,3230,376,2,0.47,0,1,1,2268,3084,1,637,3085,1,1579,1433,146,0,1.3,0,0,0,0,0,0,1,1579,1.3,0,1433
60660810401.00,543018,159996,542587,159426,370.97,37.097,1,1,2683,393,3,0.47,0,1,1,1980,2683,1,572,2683,1,779,526,282,0,1.3,0,0,0,0,0,0,1,779,1.3,0,526
70651110101.00,543235,168994,543289,167542,346.03,34.603,1,1,1842,268,1,0.47,0,1,1,1346,1838,1,372,1842,1,992,556,440,0,1.3,0,0,0,0,0,0,1,992,1.3,0,556
60781610106.00,545149,167401,541467,167973,658.3,65.83,1,1,4858,581,1,0.47,0,1,1,3221,4399,1,935,5038,1,1475,716,757,0,1.3,1,1906,895,648,1,1.45,1,1690.5,1.375,0.5,805
90690110401.00,544122,168405,544822,166769,247.25,24.725,1,1,2300,327,2,0.47,0,1,1,1441,1943,1,372,1943,1,1029,801,228,0,1.3,0,0,0,0,0,0,1,1029,1.3,0,801
60782410101.00,544098,166089,543168,165005,543.25,54.325,1,1,1592,272,2,0.47,0,1,1,1201,1592,1,383,1592,1,692,509,180,0,1.3,0,0,0,0,0,0,1,692,1.3,0,509
70781410201.00,544590,166504,547387,169430,324.81,32.481,1,1,6076,768,2,0.47,0,1,1,3857,5349,1,1005,5538,1,2777,1810,967,0,1.3,0,0,0,0,0,0,1,2777,1.3,0,1810
90711610201.00,545897,166344,543210,168258,239.52,23.952,1,1,4726,592,3,0.47,0,1,1,3052,4152,1,899,4683,1,1707,535,1158,0,1.3,1,1892,1465,420,0,1.65,1,1799.5,1.475,0,1000
80712510102.00,546406,166572,546196,165709,298.45,29.845,1,1,1058,242,2,0.47,0,1,1,840,1055,1,252,1058,1,426,138,275,0,1.3,0,0,0,0,0,0,1,426,1.3,0,138
80712110301.00,544940,165643,543802,164935,290.78,29.078,1,1,1820,301,1,0.47,0,1,1,1317,1801,1,323,1844,1,975,740,233,0,1.3,0,0,0,0,0,0,1,975,1.3,0,740
70782210101.00,545259,167088,547503,165864,644.82,64.482,1,1,3589,552,2,0.47,0,1,1,2333,3106,1,854,3748,1,1911,1743,167,0,1.3,0,0,0,0,0,0,1,1911,1.3,0,1743
60690710201.00,546084,169480,546365,166520,489.69,48.969,1,1,5100,586,1,0.47,0,1,1,2973,3965,1,935,4111,1,855,189,666,0,1.3,0,0,0,0,0,0,1,855,1.3,0,189
60441810101.00,548076,170998,547726,170309,395.69,39.569,1,1,1424,365,1,0.47,0,1,1,983,1259,1,360,1490,0,0,0,0,0,0,0,0,0,0,0,0,0,0,0,0,0
50801110201.00,547447,167777,544524,167644,292.11,29.211,1,1,3717,494,1,0.47,0,1,1,2657,3449,1,901,3717,1,1241,641,600,0,1.3,1,1758,408,968,1,1.65,1,1499.5,1.475,0.5,524
90673110301.00,542191,165616,546196,163591,197.47,19.747,1,1,5115,566,2,0.47,0,1,1,3905,5028,1,1353,5113,1,1875,1247,630,0,1.3,0,0,0,0,0,0,1,1875,1.3,0,1247
70780110101.00,544780,166362,545519,165616,300.24,30.024,1,1,1908,272,1,0.47,0,1,1,1128,1493,1,376,1817,1,526,224,310,0,1.3,0,0,0,0,0,0,1,526,1.3,0,224
90710610401.00,544962,165743,547318,164940,313,31.3,1,1,3035,411,1,0.47,0,1,1,2266,3035,1,790,3403,1,1313,448,860,0,1.3,0,0,0,0,0,0,1,1313,1.3,0,448
50781310102.00,543538,171053,544119,167605,674.52,67.452,1,1,5224,661,1,0.47,0,1,1,3676,4876,1,1179,5077,1,1625,283,1340,0,1.3,0,0,0,0,0,0,1,1625,1.3,0,283
50662910101.00,540742,157869,541216,159336,749.85,74.985,1,1,1874,261,1,0.47,0,1,1,1287,1874,1,308,1874,1,569,387,203,0,1.3,0,0,0,0,0,0,1,569,1.3,0,387
50663510101.00,542354,157994,545971,165850,724.31,72.431,1,1,12546,1257,1,0.47,0,1,1,8311,11329,1,2404,12240,1,2665,1270,1395,0,1.3,0,0,0,0,0,0,1,2665,1.3,0,1270
60662210103.00,542587,159426,541438,158848,374.26,37.426,1,1,2514,386,1,0.47,0,1,1,1436,1903,1,559,2106,1,1023,834,180,0,1.3,0,0,0,0,0,0,1,1023,1.3,0,834
60442110301.00,548328,171633,546848,170207,377.57,37.757,1,1,3880,492,2,0.47,0,1,1,2871,3770,1,799,3629,1,2207,1907,300,0,1.3,0,0,0,0,0,0,1,2207,1.3,0,1907
50760210101.00,543046,170877,542576,169795,651.1,65.11,1,1,2446,282,1,0.47,0,1,1,1811,2446,1,582,2449,1,1600,1398,209,0,1.3,0,0,0,0,0,0,1,1600,1.3,0,1398
60781610201.00,544597,167605,543112,168410,623.08,62.308,1,1,3114,362,1,0.47,0,1,1,1602,2203,1,475,2767,1,765,418,336,0,1.3,1,1266,1086,180,0,1.45,1,1015.5,1.375,0,752
70780110102.00,545519,165616,544780,166362,300.24,30.024,1,1,1923,276,1,0.47,0,1,1,1192,1493,1,495,1734,1,501,186,305,0,1.3,0,0,0,0,0,0,1,501,1.3,0,186
70781810401.00,545522,167607,544251,170018,768.61,76.861,1,1,3337,365,2,0.47,0,1,1,2412,3200,1,629,3200,1,716,315,401,0,1.3,0,0,0,0,0,0,1,716,1.3,0,315
90671910101.00,543823,165318,547630,166910,169.34,16.934,1,1,5996,765,1,0.47,0,1,1,3940,5334,1,1226,6101,1,1996,828,1151,0,1.3,0,0,0,0,0,0,1,1996,1.3,0,828
70670410103.00,547110,167293,540620,165814,463.74,46.374,1,1,10008,1137,2,0.47,0,1,1,6508,8596,1,2089,9963,1,2329,906,1448,0,1.3,1,2806,1491,840,1,1.65,1,2567.5,1.475,0.5,1198
60781410101.00,544922,167570,543975,166940,384.26,38.426,1,1,1495,232,1,0.47,0,1,1,1136,1491,1,329,1548,1,955,782,176,0,1.3,0,0,0,0,0,0,1,955,1.3,0,782
70713010202.00,543210,168258,546691,165535,414.54,41.454,1,1,6349,851,1,0.47,0,1,1,3882,5141,1,1175,5673,1,2104,1208,895,0,1.3,1,2427,2059,360,0,1.65,1,2265.5,1.475,0,1633
60801710203.00,547207,167462,546236,166291,382.21,38.221,1,1,1662,320,3,0.47,0,1,1,1242,1593,1,432,1678,1,398,37,360,0,1.3,0,0,0,0,0,0,1,398,1.3,0,37
60672110201.00,543747,164730,546394,166195,320.99,32.099,1,1,3809,587,2,0.47,0,1,1,2650,3713,1,703,3784,1,1226,449,765,0,1.3,0,0,0,0,0,0,1,1226,1.3,0,449
70670410101.00,543148,166974,544822,166769,463.74,46.374,1,1,2427,340,2,0.47,0,1,1,1638,2177,1,459,2177,1,398,72,325,0,1.3,0,0,0,0,0,0,1,398,1.3,0,72
50662510201.00,541970,158993,541082,160848,453.06,45.306,1,1,2270,213,2,0.47,0,1,1,1662,2264,1,480,2270,1,373,169,204,0,1.3,0,0,0,0,0,0,1,373,1.3,0,169
90711610101.00,545897,166344,546579,165239,298.9,29.89,1,1,2007,323,3,0.47,0,1,1,1342,1738,1,531,1925,1,1176,1087,83,0,1.3,0,0,0,0,0,0,1,1176,1.3,0,1087
80801810102.00,546890,164041,545766,163568,321.39,32.139,1,1,1318,189,1,0.47,0,1,1,986,1318,1,317,1318,1,474,333,151,0,1.3,0,0,0,0,0,0,1,474,1.3,0,333
60660810102.00,542587,159426,543018,159996,392.08,39.208,1,1,2685,425,3,0.47,0,1,1,1953,2683,1,514,2685,1,825,484,309,0,1.3,0,0,0,0,0,0,1,825,1.3,0,484
50662910102.00,541216,159336,541872,158847,749.85,74.985,1,1,820,95,1,0.47,0,1,1,769,820,1,433,820,1,306,180,125,0,1.3,0,0,0,0,0,0,1,306,1.3,0,180
90673010401.00,544272,165750,545157,166602,183.54,18.354,1,1,2279,297,1,0.47,0,1,1,1589,2187,1,467,2400,1,912,744,167,0,1.3,0,0,0,0,0,0,1,912,1.3,0,744
80711010201.00,546207,166502,544383,167710,431.22,43.122,1,1,3977,512,2,0.47,0,1,1,2311,3051,1,682,3202,1,1421,518,902,0,1.3,1,1376,1189,180,0,1.65,1,1398.5,1.475,0,853
80712510301.00,547058,164705,546196,165709,296.88,29.688,1,1,1875,237,2,0.47,0,1,1,1102,1626,1,244,1626,1,589,317,278,0,1.3,0,0,0,0,0,0,1,589,1.3,0,317
80781410101.00,544596,166487,544915,165086,712.54,71.254,1,1,2664,366,2,0.47,0,1,1,1777,2341,1,600,2567,1,1279,1080,175,0,1.3,0,0,0,0,0,0,1,1279,1.3,0,1080
80810710401.00,546685,169182,547213,166614,418.98,41.898,1,1,3447,580,1,0.47,0,1,1,2504,3304,1,787,3539,1,1530,989,540,0,1.3,0,0,0,0,0,0,1,1530,1.3,0,989
80672210501.00,543207,165308,543802,164935,546.69,54.669,1,1,951,157,2,0.47,0,1,1,717,951,1,250,951,1,424,308,96,0,1.3,0,0,0,0,0,0,1,424,1.3,0,308
70650310101.00,541647,167790,542372,168768,451.76,45.176,1,1,1606,266,1,0.47,0,1,1,1076,1451,1,300,1583,1,965,891,87,0,1.3,1,1014,245,480,1,1.45,1,989.5,1.375,0.5,568
70780410501.00,543098,168504,542275,168896,138.37,13.837,1,1,1450,180,2,0.47,0,1,1,1038,1401,1,309,1415,1,737,592,144,0,1.3,0,0,0,0,0,0,1,737,1.3,0,592
70670410301.00,543148,166974,544822,166769,361.31,36.131,1,1,2427,340,2,0.47,0,1,1,1638,2177,1,459,2177,1,398,72,325,0,1.3,0,0,0,0,0,0,1,398,1.3,0,72
50801110101.00,547447,167777,544524,167644,153.54,15.354,1,1,3717,494,1,0.47,0,1,1,2657,3449,1,901,3717,1,1241,641,600,0,1.3,1,1758,408,968,1,1.65,1,1499.5,1.475,0.5,524
90671610302.00,543393,169478,540740,166102,294.21,29.421,1,1,5870,732,2,0.47,0,1,1,4362,5841,1,1267,6155,1,2245,446,1500,1,1.3,1,2039,593,1177,1,1.45,1,2142,1.375,1,519
80672310201.00,543309,165282,544208,164256,570.02,57.002,1,1,1695,301,1,0.47,0,1,1,1292,1696,1,438,1696,1,696,538,192,0,1.3,0,0,0,0,0,0,1,696,1.3,0,538
80712110202.00,543802,164935,544940,165643,292.74,29.274,1,1,1811,309,1,0.47,0,1,1,1328,1801,1,337,1856,1,986,698,269,0,1.3,0,0,0,0,0,0,1,986,1.3,0,698
50783510102.00,545051,166028,543708,165847,422.66,42.266,1,1,1729,245,1,0.47,0,1,1,1247,1707,1,421,1716,1,924,762,161,0,1.3,0,0,0,0,0,0,1,924,1.3,0,762
70671210102.00,543289,167542,544418,167487,421.03,42.103,1,1,1368,181,1,0.47,0,1,1,982,1287,1,344,1406,1,439,277,167,0,1.3,0,0,0,0,0,0,1,439,1.3,0,277
80681210101.00,546717,164524,545698,165100,580.71,58.071,1,1,1796,246,1,0.47,0,1,1,1130,1590,1,372,1796,1,703,444,225,0,1.3,0,0,0,0,0,0,1,703,1.3,0,444
80711710102.00,541797,165342,543168,165005,264.18,26.418,1,1,1800,345,1,0.47,0,1,1,1337,1714,1,457,1800,1,530,305,225,0,1.3,0,0,0,0,0,0,1,530,1.3,0,305
80802610301.00,546630,166107,545962,165167,379.11,37.911,1,1,1575,260,2,0.47,0,1,1,1111,1505,1,331,1609,1,715,442,247,0,1.3,0,0,0,0,0,0,1,715,1.3,0,442
50662910501.00,540742,157869,541216,159336,589.58,58.958,1,1,1874,261,1,0.47,0,1,1,1287,1874,1,308,1874,1,569,387,203,0,1.3,0,0,0,0,0,0,1,569,1.3,0,387
70711810102.00,543802,164935,545936,165374,508.92,50.892,1,1,2862,426,3,0.47,0,1,1,2022,2851,1,547,2903,1,1178,765,395,0,1.3,0,0,0,0,0,0,1,1178,1.3,0,765
60810210201.00,546427,167545,543802,164935,346.49,34.649,1,1,5199,624,2,0.47,0,1,1,3783,4948,1,1171,5066,1,2287,1071,1220,0,1.3,0,0,0,0,0,0,1,2287,1.3,0,1071
80811210101.00,545921,168452,542533,169755,1019.14,101.914,1,1,4755,647,1,0.47,0,1,1,3626,4755,1,1232,5629,1,2445,1683,475,1,1.3,1,1963,1662,300,0,1.45,1,2204,1.375,0.5,1672
90781010201.00,543624,167174,544733,172133,463.09,46.309,1,1,8167,803,1,0.47,0,1,1,5337,7249,1,1617,7976,1,3026,1123,1416,1,1.3,0,0,0,0,0,0,1,3026,1.3,1,1123
60810410202.00,546451,168069,546346,170945,374.49,37.449,1,1,4456,591,2,0.47,0,1,1,3189,4264,1,877,4403,1,1257,537,720,0,1.3,0,0,0,0,0,0,1,1257,1.3,0,537
50712110103.00,543478,164974,545306,165966,1079.89,107.989,1,1,2861,343,1,0.47,0,1,1,2083,2856,1,547,2917,1,1039,671,350,0,1.3,0,0,0,0,0,0,1,1039,1.3,0,671
60802710202.00,547726,170309,546883,166628,465.68,46.568,1,1,4567,669,1,0.47,0,1,1,3492,4567,1,962,4566,1,1704,981,711,0,1.3,0,0,0,0,0,0,1,1704,1.3,0,981
70711810501.00,545936,165374,543802,164935,435.95,43.595,1,1,2871,407,3,0.47,0,1,1,2208,2851,1,699,2866,1,1243,497,773,0,1.3,0,0,0,0,0,0,1,1243,1.3,0,497
50801110103.00,547447,167777,546296,166172,153.54,15.354,1,1,2510,447,1,0.47,0,1,1,1884,2440,1,593,2526,1,977,451,525,0,1.3,0,0,0,0,0,0,1,977,1.3,0,451
80710710202.00,547122,168452,545601,166590,287.81,28.781,1,1,3553,443,2,0.47,0,1,1,2466,3220,1,738,3192,1,1699,853,845,0,1.3,0,0,0,0,0,0,1,1699,1.3,0,853
80810410101.00,546505,168161,543538,171053,496.96,49.696,1,1,5187,671,1,0.47,0,1,1,3653,4800,1,1173,5108,1,1230,555,676,0,1.3,1,2229,644,960,1,2.25,1,1729.5,1.775,0.5,599
50711110101.00,545790,165466,545961,164687,289.42,28.942,1,1,1141,212,1,0.47,0,1,1,904,1137,1,406,1140,1,418,296,150,0,1.3,0,0,0,0,0,0,1,418,1.3,0,296
80660110201.00,541404,158170,542587,159426,505.76,50.576,1,1,3522,456,2,0.47,0,1,1,1861,2360,1,844,2547,1,1540,1184,360,0,1.3,0,0,0,0,0,0,1,1540,1.3,0,1184
60662210102.00,541388,158107,542587,159426,374.26,37.426,1,1,3574,465,1,0.47,0,1,1,1897,2412,1,851,2599,1,1575,1220,360,0,1.3,0,0,0,0,0,0,1,1575,1.3,0,1220
80781410301.00,544596,166487,544915,165086,707.78,70.778,1,1,2664,366,2,0.47,0,1,1,1777,2341,1,600,2567,1,1279,1080,175,0,1.3,0,0,0,0,0,0,1,1279,1.3,0,1080
60802710102.00,547726,170309,546883,166628,466.11,46.611,1,1,4567,669,1,0.47,0,1,1,3492,4567,1,962,4566,1,1704,981,711,0,1.3,0,0,0,0,0,0,1,1704,1.3,0,981
80781410401.00,544596,166487,544915,165086,564.83,56.483,1,1,2664,366,2,0.47,0,1,1,1777,2341,1,600,2567,1,1279,1080,175,0,1.3,0,0,0,0,0,0,1,1279,1.3,0,1080
50711710301.00,545386,165787,543802,164935,540.75,54.075,1,1,2108,283,1,0.47,0,1,1,1580,2089,1,445,2104,1,830,529,300,0,1.3,0,0,0,0,0,0,1,830,1.3,0,529
50663510301.00,542354,157994,545971,165850,532.1,53.21,1,1,12546,1257,1,0.47,0,1,1,8311,11329,1,2404,12240,1,2665,1270,1395,0,1.3,0,0,0,0,0,0,1,2665,1.3,0,1270
50713510301.00,545454,165001,544325,169679,393.2,39.32,1,1,6376,766,2,0.47,0,1,1,4686,6244,1,1382,6371,1,2176,1185,990,0,1.3,1,2541,2175,360,0,1.65,1,2358.5,1.475,0,1680
50782710201.00,545159,167690,544524,167644,338.77,33.877,1,1,1064,176,1,0.47,0,1,1,556,763,1,129,763,1,427,372,54,0,1.3,0,0,0,0,0,0,1,427,1.3,0,372
50712110101.00,545306,165966,546824,165106,1079.89,107.989,1,1,2094,383,1,0.47,0,1,1,1546,2064,1,536,2446,1,1091,820,283,0,1.3,0,0,0,0,0,0,1,1091,1.3,0,820
60801710202.00,548238,164216,547207,167462,382.21,38.221,1,1,3711,363,3,0.47,0,1,1,2545,3693,1,554,3711,1,2040,0,1380,1,1.3,0,0,0,0,0,0,1,2040,1.3,1,0
90800110201.00,547276,167528,544956,170418,459.85,45.985,1,1,5211,661,1,0.47,0,1,1,3891,5100,1,1246,5652,1,1922,1242,662,0,1.3,0,0,0,0,0,0,1,1922,1.3,0,1242
50800310501.00,546462,167414,547503,165864,581.38,58.138,1,1,3027,478,2,0.47,0,1,1,2135,2798,1,708,2802,1,1664,1463,192,0,1.3,0,0,0,0,0,0,1,1664,1.3,0,1463
70812010102.00,544612,169787,547444,168449,586.26,58.626,1,1,3557,431,1,0.47,0,1,1,2542,3549,1,667,3557,1,1193,801,392,0,1.3,0,0,0,0,0,0,1,1193,1.3,0,801
80672210401.00,543207,165308,543802,164935,546.69,54.669,1,1,951,157,2,0.47,0,1,1,717,951,1,250,951,1,424,308,96,0,1.3,0,0,0,0,0,0,1,424,1.3,0,308
50800310203.00,547503,165864,546462,167414,739.42,73.942,1,1,2798,468,2,0.47,0,1,1,2008,2798,1,582,2798,1,1526,1177,297,0,1.3,0,0,0,0,0,0,1,1526,1.3,0,1177
60711110101.00,544248,164729,545519,163917,684.96,68.496,1,1,3175,391,1,0.47,0,1,1,1257,1795,1,310,1795,1,659,422,240,0,1.3,0,0,0,0,0,0,1,659,1.3,0,422
50712110102.00,546824,165106,543478,164974,1079.89,107.989,1,1,4918,661,1,0.47,0,1,1,3454,4602,1,1064,4627,1,2111,1208,915,0,1.3,0,0,0,0,0,0,1,2111,1.3,0,1208
130801710205.00,545712,164469,546733,165884,432.09,43.209,1,1,2823,411,2,0.47,0,1,1,1905,2510,1,636,2545,1,1067,674,374,0,1.3,0,0,0,0,0,0,1,1067,1.3,0,674
130690610102.00,544319,169675,544353,171868,714.71,71.471,1,1,3057,469,1,0.47,0,1,1,1775,2498,1,509,2535,1,1097,609,480,0,1.3,0,0,0,0,0,0,1,1097,1.3,0,609
140781910202.00,544427,167561,545058,168012,529.66,52.966,1,1,1546,276,1,0.47,0,1,1,799,1064,1,284,1064,1,542,486,55,0,1.3,0,0,0,0,0,0,1,542,1.3,0,486
140802410201.00,547177,167430,543478,164974,310.86,31.086,1,1,6539,775,1,0.47,0,1,1,4274,5498,1,1467,6400,1,2194,289,1905,0,1.3,0,0,0,0,0,0,1,2194,1.3,0,289
130801710402.00,546189,166187,545712,164469,307.94,30.794,1,1,2174,345,2,0.47,0,1,1,1662,2134,1,510,2174,1,824,314,495,0,1.3,0,0,0,0,0,0,1,824,1.3,0,314
130711010501.00,546314,166651,547305,166927,301.87,30.187,1,1,2421,427,2,0.47,0,1,1,1052,1358,1,405,1593,1,958,778,180,0,1.3,0,0,0,0,0,0,1,958,1.3,0,778
130801610202.00,544428,163140,546889,166560,480.77,48.077,1,1,5721,625,3,0.47,0,1,1,3591,4939,1,1102,5316,1,2312,1772,528,0,1.3,0,0,0,0,0,0,1,2312,1.3,0,1772
140801610201.00,546921,166179,544850,165103,384.56,38.456,1,1,2979,389,1,0.47,0,1,1,2167,2817,1,734,2979,1,1221,495,738,0,1.3,0,0,0,0,0,0,1,1221,1.3,0,495
140781910203.00,545058,168012,543854,170904,529.66,52.966,1,1,3945,505,1,0.47,0,1,1,2929,3950,1,835,3971,1,1014,441,573,0,1.3,0,0,0,0,0,0,1,1014,1.3,0,441
130661810101.00,541175,159761,546025,165930,419.52,41.952,1,1,11398,1063,1,0.47,0,1,1,7499,10240,1,2197,10545,1,2245,590,1655,0,1.3,0,0,0,0,0,0,1,2245,1.3,0,590
140810610301.00,546084,168236,548238,164216,465.63,46.563,1,1,5774,611,1,0.47,0,1,1,4034,5218,1,1309,5474,1,3000,1699,1298,0,1.3,0,0,0,0,0,0,1,3000,1.3,0,1699
140810610701.00,546084,168236,548238,164216,347.09,34.709,1,1,5774,611,1,0.47,0,1,1,4034,5218,1,1309,5474,1,3000,1699,1298,0,1.3,0,0,0,0,0,0,1,3000,1.3,0,1699
140781410202.00,543168,165005,544418,167487,589.46,58.946,1,1,3822,526,3,0.47,0,1,1,2657,3666,1,745,3749,1,1273,261,1020,0,1.3,1,1200,363,600,1,1.65,1,1236.5,1.475,0.5,312
140801610101.00,546921,166179,544850,165103,384.88,38.488,1,1,2979,389,1,0.47,0,1,1,2167,2817,1,734,2979,1,1221,495,738,0,1.3,0,0,0,0,0,0,1,1221,1.3,0,495
130782810201.00,545245,166551,546193,166288,382.41,38.241,1,1,1806,265,1,0.47,0,1,1,1283,1804,1,352,1806,1,1141,562,578,0,1.3,0,0,0,0,0,0,1,1141,1.3,0,562
130660310101.00,542253,158092,541216,159336,415.59,41.559,1,1,1939,254,2,0.47,0,1,1,1372,1939,1,372,1963,1,1023,900,120,0,1.3,0,0,0,0,0,0,1,1023,1.3,0,900
130660410201.00,541440,158872,546579,165277,410.26,41.026,1,1,11265,1078,2,0.47,0,1,1,7985,10876,1,2359,10914,1,2699,1063,1635,0,1.3,0,0,0,0,0,0,1,2699,1.3,0,1063
130802210301.00,547596,168364,547207,167462,231.02,23.102,1,1,1572,236,1,0.47,0,1,1,998,1341,1,290,1342,1,566,304,261,0,1.3,0,0,0,0,0,0,1,566,1.3,0,304
130810710101.00,546124,168228,546245,167890,363.62,36.362,1,1,952,128,2,0.47,0,1,1,511,661,1,172,661,1,577,383,203,0,1.3,0,0,0,0,0,0,1,577,1.3,0,383
140810610101.00,546084,168236,548238,164216,360.98,36.098,1,1,5774,611,1,0.47,0,1,1,4034,5218,1,1309,5474,1,3000,1699,1298,0,1.3,0,0,0,0,0,0,1,3000,1.3,0,1699
130660310401.00,542253,158092,541216,159336,320.98,32.098,1,1,1939,254,2,0.47,0,1,1,1372,1939,1,372,1963,1,1023,900,120,0,1.3,0,0,0,0,0,0,1,1023,1.3,0,900
130712210101.00,546164,165045,545479,165855,403.64,40.364,1,1,1437,293,1,0.47,0,1,1,911,1165,1,476,1437,1,586,406,141,0,1.3,0,0,0,0,0,0,1,586,1.3,0,406
130780210401.00,543837,165813,545712,164469,244.1,24.41,1,1,3711,481,1,0.47,0,1,1,2617,3516,1,831,3999,1,1557,1014,506,0,1.3,0,0,0,0,0,0,1,1557,1.3,0,1014
130681610201.00,544719,161719,547136,162629,407.59,40.759,1,1,8153,653,1,0.47,0,1,1,2785,3831,1,839,4261,1,1868,1590,240,0,1.3,0,0,0,0,0,0,1,1868,1.3,0,1590
130711010101.00,546314,166651,547305,166927,414.67,41.467,1,1,2421,427,2,0.47,0,1,1,1052,1358,1,405,1593,1,958,778,180,0,1.3,0,0,0,0,0,0,1,958,1.3,0,778
140810610202.00,548238,164216,543413,165061,368.18,36.818,1,1,6431,654,1,0.47,0,1,1,4136,5672,1,1198,5672,1,2011,347,1387,1,1.3,0,0,0,0,0,0,1,2011,1.3,1,347
140682910101.00,545928,164095,544479,165132,461.67,46.167,1,1,2966,414,1,0.47,0,1,1,1807,2369,1,754,2936,1,1599,1519,98,0,1.3,0,0,0,0,0,0,1,1599,1.3,0,1519
130810710401.00,546124,168228,546245,167890,290.59,29.059,1,1,952,128,2,0.47,0,1,1,511,661,1,172,661,1,577,383,203,0,1.3,0,0,0,0,0,0,1,577,1.3,0,383
130801610201.00,546889,166560,544428,163140,480.77,48.077,1,1,5714,606,3,0.47,0,1,1,3799,4937,1,1302,5343,1,1958,1438,501,0,1.3,0,0,0,0,0,0,1,1958,1.3,0,1438
140811210103.00,545974,168514,544622,166870,270.42,27.042,1,1,3202,390,1,0.47,0,1,1,2259,3066,1,657,3066,1,1743,1620,122,0,1.3,0,0,0,0,0,0,1,1743,1.3,0,1620
140802410101.00,547177,167430,543478,164974,298.48,29.848,1,1,6539,775,1,0.47,0,1,1,4274,5498,1,1467,6400,1,2194,289,1905,0,1.3,0,0,0,0,0,0,1,2194,1.3,0,289
140681210201.00,546693,164519,546902,164038,613.42,61.342,1,1,1175,180,1,0.47,0,1,1,758,1001,1,262,1120,1,436,207,216,0,1.3,0,0,0,0,0,0,1,436,1.3,0,207
130682210201.00,545829,164342,542538,166952,523.35,52.335,1,1,6387,664,1,0.47,0,1,1,4328,5837,1,1304,5837,1,1717,785,935,0,1.3,0,0,0,0,0,0,1,1717,1.3,0,785
130662410101.00,541033,158115,543285,159317,401.64,40.164,1,1,4225,506,2,0.47,0,1,1,2621,3458,1,912,3680,1,1777,1366,448,0,1.3,0,0,0,0,0,0,1,1777,1.3,0,1366
130651510101.00,542084,165872,545479,165855,469.59,46.959,1,1,4800,636,4,0.47,0,1,1,3284,4356,1,1011,4585,1,1140,490,707,0,1.3,0,0,0,0,0,0,1,1140,1.3,0,490
130441610301.00,547136,171160,544701,170425,788.81,78.881,1,1,3296,428,2,0.47,0,1,1,2585,3281,1,851,3233,1,1080,148,665,1,1.3,0,0,0,0,0,0,1,1080,1.3,1,148
130800810102.00,546486,169569,546889,166818,664.54,66.454,1,1,3422,465,2,0.47,0,1,1,2589,3418,1,847,4130,1,1410,513,881,0,1.3,0,0,0,0,0,0,1,1410,1.3,0,513
140810910101.00,546629,168787,546030,169583,350.72,35.072,1,1,1714,252,1,0.47,0,1,1,1027,1367,1,334,1515,1,403,249,154,0,1.3,0,0,0,0,0,0,1,403,1.3,0,249
140781910201.00,545058,168012,544427,167561,529.66,52.966,1,1,1569,253,1,0.47,0,1,1,817,1064,1,288,1018,1,520,464,54,0,1.3,0,0,0,0,0,0,1,520,1.3,0,464
130660410301.00,541440,158872,546579,165277,320.98,32.098,1,1,11265,1078,2,0.47,0,1,1,7985,10876,1,2359,10914,1,2699,1063,1635,0,1.3,0,0,0,0,0,0,1,2699,1.3,0,1063
130801710204.00,546189,166187,545712,164469,432.09,43.209,1,1,2174,345,2,0.47,0,1,1,1662,2134,1,510,2174,1,824,314,495,0,1.3,0,0,0,0,0,0,1,824,1.3,0,314
130680110201.00,544004,164260,542390,159245,476.48,47.648,1,1,9321,923,1,0.47,0,1,1,6115,8093,1,1933,8145,1,2032,1267,788,0,1.3,0,0,0,0,0,0,1,2032,1.3,0,1267
140682910301.00,545928,164095,544479,165132,387.28,38.728,1,1,2966,414,1,0.47,0,1,1,1807,2369,1,754,2936,1,1599,1519,98,0,1.3,0,0,0,0,0,0,1,1599,1.3,0,1519
130712210102.00,545479,165855,546164,165045,403.64,40.364,1,1,1213,216,1,0.47,0,1,1,846,1165,1,356,1165,1,385,232,152,0,1.3,0,0,0,0,0,0,1,385,1.3,0,232
140810310101.00,545893,167650,544033,171268,354.9,35.49,1,1,4797,597,1,0.47,0,1,1,3502,4735,1,1001,4797,1,1476,794,682,0,1.3,0,0,0,0,0,0,1,1476,1.3,0,794
140811210401.00,545974,168514,544622,166870,254.93,25.493,1,1,3202,390,1,0.47,0,1,1,2259,3066,1,657,3066,1,1743,1620,122,0,1.3,0,0,0,0,0,0,1,1743,1.3,0,1620
140811110401.00,546512,168553,547333,166122,611.08,61.108,1,1,3401,518,1,0.47,0,1,1,2457,3266,1,800,3401,1,1710,1140,590,0,1.3,0,0,0,0,0,0,1,1710,1.3,0,1140
130810710301.00,546124,168228,546245,167890,264.71,26.471,1,1,952,128,2,0.47,0,1,1,511,661,1,172,661,1,577,383,203,0,1.3,0,0,0,0,0,0,1,577,1.3,0,383
130811010201.00,546633,169026,546482,170127,406.56,40.656,1,1,1919,247,1,0.47,0,1,1,950,1290,1,320,1511,1,689,417,259,0,1.3,0,0,0,0,0,0,1,689,1.3,0,417
130800910102.00,543538,171053,547386,166360,1031.58,103.158,1,1,7128,944,1,0.47,0,1,1,5250,7118,1,1524,7128,1,2227,1318,907,0,1.3,0,0,0,0,0,0,1,2227,1.3,0,1318
130781210201.00,544257,167179,543983,165076,868.31,86.831,1,1,3162,469,2,0.47,0,1,1,2298,3024,1,689,3162,1,1202,867,361,0,1.3,0,0,0,0,0,0,1,1202,1.3,0,867
130662410501.00,541033,158115,543285,159317,320.98,32.098,1,1,4225,506,2,0.47,0,1,1,2621,3458,1,912,3680,1,1777,1366,448,0,1.3,0,0,0,0,0,0,1,1777,1.3,0,1366
130651510102.00,545479,165855,542084,165872,469.59,46.959,1,1,4574,583,4,0.47,0,1,1,3218,4355,1,1010,4650,1,1175,706,480,0,1.3,0,0,0,0,0,0,1,1175,1.3,0,706
140810310401.00,545893,167650,544161,171654,334.57,33.457,1,1,5796,679,1,0.47,0,1,1,3858,5241,1,1074,5303,1,1866,1146,720,0,1.3,0,0,0,0,0,0,1,1866,1.3,0,1146
140801310201.00,547805,166132,546188,166188,406.05,40.605,1,1,2507,415,0,0.47,0,1,1,1521,2090,1,449,2106,1,878,304,560,0,1.3,0,0,0,0,0,0,1,878,1.3,0,304
130711010102.00,547305,166927,546314,166651,414.67,41.467,1,1,2349,431,2,0.47,0,1,1,1023,1358,1,381,1452,1,758,593,180,0,1.3,0,0,0,0,0,0,1,758,1.3,0,593
140800110202.00,546336,166474,547327,167845,400.84,40.084,1,1,2168,345,1,0.47,0,1,1,1411,1868,1,503,2169,1,622,195,442,0,1.3,0,0,0,0,0,0,1,622,1.3,0,195
130782810101.00,545245,166551,546193,166288,347.22,34.722,1,1,1806,265,1,0.47,0,1,1,1283,1804,1,352,1806,1,1141,562,578,0,1.3,0,0,0,0,0,0,1,1141,1.3,0,562
140810610302.00,548238,164216,543413,165061,465.63,46.563,1,1,6431,654,1,0.47,0,1,1,4136,5672,1,1198,5672,1,2011,347,1387,1,1.3,0,0,0,0,0,0,1,2011,1.3,1,347
130781910201.00,544780,167343,542457,165924,279.59,27.959,1,1,4517,513,2,0.47,0,1,1,2731,3712,1,692,3769,1,2078,809,1267,0,1.3,0,0,0,0,0,0,1,2078,1.3,0,809
130782510401.00,545467,167261,546273,167921,294.59,29.459,1,1,1466,200,3,0.47,0,1,1,985,1399,1,250,1399,1,832,729,121,0,1.3,0,0,0,0,0,0,1,832,1.3,0,729
130782510102.00,546273,167921,545467,167261,413.36,41.336,1,1,1577,209,3,0.47,0,1,1,1063,1399,1,366,1541,1,861,730,109,0,1.3,0,0,0,0,0,0,1,861,1.3,0,730
130780210102.00,545712,164469,543168,165005,335.31,33.531,1,1,4267,615,1,0.47,0,1,1,2713,3497,1,982,3820,1,1081,499,585,0,1.3,0,0,0,0,0,0,1,1081,1.3,0,499
130800810101.00,546889,166818,546486,169569,664.54,66.454,1,1,4165,538,2,0.47,0,1,1,2540,3418,1,771,3623,1,967,512,454,0,1.3,0,0,0,0,0,0,1,967,1.3,0,512
140781410201.00,544481,166451,543168,165005,589.46,58.946,1,1,3020,435,3,0.47,0,1,1,2211,2935,1,648,3020,1,867,480,360,0,1.3,0,0,0,0,0,0,1,867,1.3,0,480
140682910401.00,545928,164095,544479,165132,387.28,38.728,1,1,2966,414,1,0.47,0,1,1,1807,2369,1,754,2936,1,1599,1519,98,0,1.3,0,0,0,0,0,0,1,1599,1.3,0,1519
130782510101.00,545467,167261,546273,167921,413.36,41.336,1,1,1466,200,3,0.47,0,1,1,985,1399,1,250,1399,1,832,729,121,0,1.3,0,0,0,0,0,0,1,832,1.3,0,729
140812610201.00,547986,168179,547384,169194,346.33,34.633,1,1,2250,342,1,0.47,0,1,1,1292,1833,1,272,1833,1,999,792,195,0,1.3,0,0,0,0,0,0,1,999,1.3,0,792
130780210101.00,543837,165813,545712,164469,335.31,33.531,1,1,3711,481,1,0.47,0,1,1,2617,3516,1,831,3999,1,1557,1014,506,0,1.3,0,0,0,0,0,0,1,1557,1.3,0,1014
140682710101.00,546355,163382,547479,165097,287.41,28.741,1,1,4428,507,1,0.47,0,1,1,2438,3419,1,758,3419,1,1830,1675,165,0,1.3,0,0,0,0,0,0,1,1830,1.3,0,1675
140812910101.00,547709,168450,546261,170998,367.01,36.701,1,1,4149,624,1,0.47,0,1,1,2965,3962,1,900,4179,1,1674,878,795,0,1.3,0,0,0,0,0,0,1,1674,1.3,0,878
140800110101.00,547327,167845,546192,166199,501.6,50.16,1,1,2244,370,1,0.47,0,1,1,1683,2174,1,539,2260,1,703,264,420,0,1.3,0,0,0,0,0,0,1,703,1.3,0,264
140781810101.00,544201,168074,545564,170812,428.89,42.889,1,1,5256,584,1,0.47,0,1,1,3493,4769,1,975,5040,1,2355,1361,998,0,1.3,1,1873,768,560,1,1.45,1,2114,1.375,0.5,1064
140671510101.00,542383,165562,544259,162221,360.8,36.08,1,1,6180,608,1,0.47,0,1,1,3792,4942,1,1311,4943,1,2244,1260,489,1,1.3,0,0,0,0,0,0,1,2244,1.3,1,1260
130660310301.00,542253,158092,542587,159426,292.38,29.238,1,1,3646,480,2,0.47,0,1,1,1811,2379,1,753,2566,1,1589,1233,360,0,1.3,0,0,0,0,0,0,1,1589,1.3,0,1233
140810910102.00,546030,169583,546629,168787,350.72,35.072,1,1,1367,190,1,0.47,0,1,1,999,1367,1,250,1401,1,477,297,180,0,1.3,0,0,0,0,0,0,1,477,1.3,0,297
140810610102.00,548238,164216,543413,165061,360.98,36.098,1,1,6431,654,1,0.47,0,1,1,4136,5672,1,1198,5672,1,2011,347,1387,1,1.3,0,0,0,0,0,0,1,2011,1.3,1,347
130662410401.00,541033,158115,543285,159317,292.38,29.238,1,1,4225,506,2,0.47,0,1,1,2621,3458,1,912,3680,1,1777,1366,448,0,1.3,0,0,0,0,0,0,1,1777,1.3,0,1366
140690610101.00,544594,170522,543737,170046,477.14,47.714,1,1,1391,255,1,0.47,0,1,1,1053,1375,1,405,1392,1,729,627,102,0,1.3,0,0,0,0,0,0,1,729,1.3,0,627
130690610201.00,544353,171868,544319,169675,559.18,55.918,1,1,3062,465,1,0.47,0,1,1,1951,2499,1,699,2499,1,923,577,350,0,1.3,0,0,0,0,0,0,1,923,1.3,0,577
130760510201.00,543968,171397,543127,170047,961.82,96.182,1,1,2513,416,1,0.47,0,1,1,1919,2508,1,753,3006,1,1149,949,200,0,1.3,0,0,0,0,0,0,1,1149,1.3,0,949
140802210201.00,547936,168352,544412,170119,406.38,40.638,1,1,4457,594,1,0.47,0,1,1,3337,4377,1,1055,4457,1,1515,1090,422,0,1.3,0,0,0,0,0,0,1,1515,1.3,0,1090
140681910301.00,546042,164796,546579,165239,589.81,58.981,1,1,1979,306,2,0.47,0,1,1,1466,1895,1,622,1964,1,1198,1020,160,0,1.3,0,0,0,0,0,0,1,1198,1.3,0,1020
130422410101.00,545964,171755,541769,167850,495.76,49.576,1,1,7492,1040,2,0.47,0,1,1,5452,7273,1,1628,7484,1,2405,1444,960,0,1.3,0,0,0,0,0,0,1,2405,1.3,0,1444
140811110201.00,546512,168553,547333,166122,473.75,47.375,1,1,3401,518,1,0.47,0,1,1,2457,3266,1,800,3401,1,1710,1140,590,0,1.3,0,0,0,0,0,0,1,1710,1.3,0,1140
130660810101.00,541916,162840,541033,158123,348.04,34.804,1,1,6626,596,2,0.47,0,1,1,4164,5399,1,1375,5772,1,893,105,787,0,1.3,0,0,0,0,0,0,1,893,1.3,0,105
130802210202.00,547207,167462,547596,168364,317.34,31.734,1,1,1571,245,1,0.47,0,1,1,1004,1341,1,290,1386,1,637,508,129,0,1.3,0,0,0,0,0,0,1,637,1.3,0,508
140681710102.00,548238,164216,547150,165503,625.65,62.565,1,1,2256,253,1,0.47,0,1,1,1462,2125,1,344,2256,1,1017,632,385,0,1.3,0,0,0,0,0,0,1,1017,1.3,0,632
140681710101.00,547150,165503,548238,164216,625.65,62.565,1,1,2256,268,1,0.47,0,1,1,1667,2125,1,538,2125,1,941,811,135,0,1.3,0,0,0,0,0,0,1,941,1.3,0,811
130802210201.00,547596,168364,547207,167462,317.34,31.734,1,1,1572,236,1,0.47,0,1,1,998,1341,1,290,1342,1,566,304,261,0,1.3,0,0,0,0,0,0,1,566,1.3,0,304
130810310401.00,546336,167750,544559,167586,308,30.8,1,1,2180,228,2,0.47,0,1,1,1483,1962,1,409,1962,1,514,155,348,0,1.3,0,0,0,0,0,0,1,514,1.3,0,155
130810310101.00,546336,167750,544559,167586,393.67,39.367,1,1,2180,228,2,0.47,0,1,1,1483,1962,1,409,1962,1,514,155,348,0,1.3,0,0,0,0,0,0,1,514,1.3,0,155
140800110201.00,547327,167845,546336,166474,400.84,40.084,1,1,1937,311,1,0.47,0,1,1,1449,1868,1,474,1953,1,646,267,360,0,1.3,0,0,0,0,0,0,1,646,1.3,0,267
130660810201.00,541916,162840,547332,166105,355.51,35.551,1,1,8075,780,2,0.47,0,1,1,5562,7602,1,1619,8007,1,2208,266,1515,1,1.3,0,0,0,0,0,0,1,2208,1.3,1,266
130680310101.00,547126,162276,543467,165017,424.09,42.409,1,1,6017,546,5,0.47,0,1,1,4417,5923,1,1192,6017,1,2000,664,825,1,1.3,1,3217,2161,727,1,1.45,1,2608.5,1.375,1,1412
140802210202.00,544412,170119,547934,168519,406.38,40.638,1,1,4624,576,1,0.47,0,1,1,3303,4491,1,876,4499,1,1598,1108,461,0,1.3,0,0,0,0,0,0,1,1598,1.3,0,1108
140681710301.00,547150,165503,548238,164216,589.81,58.981,1,1,2256,268,1,0.47,0,1,1,1667,2125,1,538,2125,1,941,811,135,0,1.3,0,0,0,0,0,0,1,941,1.3,0,811
130801710101.00,546733,165884,545368,170915,423.01,42.301,1,1,6667,759,2,0.47,0,1,1,5181,6978,1,1336,6697,1,2387,1601,786,0,1.3,0,0,0,0,0,0,1,2387,1.3,0,1601
130800910201.00,547386,166360,543538,171053,824.42,82.442,1,1,7144,917,1,0.47,0,1,1,5341,7118,1,1609,7144,1,2138,1121,1016,0,1.3,0,0,0,0,0,0,1,2138,1.3,0,1121
130800910101.00,547386,166360,543538,171053,1031.58,103.158,1,1,7144,917,1,0.47,0,1,1,5341,7118,1,1609,7144,1,2138,1121,1016,0,1.3,0,0,0,0,0,0,1,2138,1.3,0,1121
130690610101.00,544353,171868,544319,169675,714.71,71.471,1,1,3062,465,1,0.47,0,1,1,1951,2499,1,699,2499,1,923,577,350,0,1.3,0,0,0,0,0,0,1,923,1.3,0,577
130810310301.00,546336,167750,544559,167586,308,30.8,1,1,2180,228,2,0.47,0,1,1,1483,1962,1,409,1962,1,514,155,348,0,1.3,0,0,0,0,0,0,1,514,1.3,0,155
140810610201.00,546084,168236,548238,164216,368.18,36.818,1,1,5774,611,1,0.47,0,1,1,4034,5218,1,1309,5474,1,3000,1699,1298,0,1.3,0,0,0,0,0,0,1,3000,1.3,0,1699
140811110501.00,546512,168553,547333,166122,455.51,45.551,1,1,3401,518,1,0.47,0,1,1,2457,3266,1,800,3401,1,1710,1140,590,0,1.3,0,0,0,0,0,0,1,1710,1.3,0,1140
140762110301.00,543971,171524,543210,168258,343.08,34.308,1,1,4540,543,1,0.47,0,1,1,3108,4089,1,950,4191,1,1330,887,467,0,1.3,0,0,0,0,0,0,1,1330,1.3,0,887
140810310102.00,544033,171268,545893,167650,354.9,35.49,1,1,4825,566,1,0.47,0,1,1,3518,4734,1,1022,4825,1,1356,814,540,0,1.3,0,0,0,0,0,0,1,1356,1.3,0,814
130780210301.00,543837,165813,545712,164469,267.97,26.797,1,1,3711,481,1,0.47,0,1,1,2617,3516,1,831,3999,1,1557,1014,506,0,1.3,0,0,0,0,0,0,1,1557,1.3,0,1014
130802210401.00,547596,168364,547207,167462,231.02,23.102,1,1,1572,236,1,0.47,0,1,1,998,1341,1,290,1342,1,566,304,261,0,1.3,0,0,0,0,0,0,1,566,1.3,0,304
130661810201.00,541175,159761,546025,165930,380.9,38.09,1,1,11398,1063,1,0.47,0,1,1,7499,10240,1,2197,10545,1,2245,590,1655,0,1.3,0,0,0,0,0,0,1,2245,1.3,0,590
140780810101.00,543658,167092,542724,167889,403.43,40.343,1,1,1732,272,1,0.47,0,1,1,1237,1706,1,323,1706,1,813,630,178,0,1.3,0,0,0,0,0,0,1,813,1.3,0,630
120681710201.00,547029,165383,544670,165208,518.3,51.83,1,1,3649,549,1,0.47,0,1,1,2744,3615,1,849,3617,1,1849,1368,480,0,1.3,0,0,0,0,0,0,1,1849,1.3,0,1368
120681710102.00,546036,160017,547029,165383,613.24,61.324,1,1,9720,1023,1,0.47,0,1,1,5300,7484,1,1393,7507,1,4382,2993,1380,0,1.3,0,0,0,0,0,0,1,4382,1.3,0,2993
120800710301.00,547036,167028,547228,169627,450.33,45.033,1,1,3119,448,4,0.47,0,1,1,2088,2870,1,645,3291,1,1033,470,561,0,1.3,0,0,0,0,0,0,1,1033,1.3,0,470
100691110202.00,544622,167608,544822,166769,493.36,49.336,1,1,1134,150,1,0.47,0,1,1,800,1069,1,228,1134,1,476,331,152,0,1.3,0,0,0,0,0,0,1,476,1.3,0,331
120801310101.00,547810,166162,546042,166099,314.24,31.424,1,1,2492,409,1,0.47,0,1,1,1674,2289,1,526,2513,1,837,396,440,0,1.3,0,0,0,0,0,0,1,837,1.3,0,396
110662510202.00,541895,158912,541577,159833,408.94,40.894,1,1,976,85,1,0.47,0,1,1,699,976,1,161,976,1,428,338,108,0,1.3,0,0,0,0,0,0,1,428,1.3,0,338
100811510201.00,546602,169476,546943,168133,560.34,56.034,1,1,2292,389,3,0.47,0,1,1,1658,2244,1,545,2244,1,1066,496,570,0,1.3,0,0,0,0,0,0,1,1066,1.3,0,496
100811810102.00,543244,165161,546942,169541,226.61,22.661,1,1,7568,848,2,0.47,0,1,1,5337,7317,1,1521,8108,1,2084,308,1392,1,1.3,0,0,0,0,0,0,1,2084,1.3,1,308
100811810302.00,546743,166949,546942,169541,276.21,27.621,1,1,2819,340,2,0.47,0,1,1,2070,2820,1,508,2819,1,815,252,561,0,1.3,0,0,0,0,0,0,1,815,1.3,0,252
110801010101.00,547470,167069,546930,166706,322.01,32.201,1,1,931,129,2,0.47,0,1,1,643,877,1,185,1026,1,732,261,490,0,1.3,0,0,0,0,0,0,1,732,1.3,0,261
120662610301.00,542151,158636,541216,159336,187.75,18.775,1,1,1243,155,1,0.47,0,1,1,902,1239,1,243,1243,1,617,479,80,0,1.3,0,0,0,0,0,0,1,617,1.3,0,479
110800210101.00,547536,167705,546142,165950,262.12,26.212,1,1,3785,496,3,0.47,0,1,1,1993,2595,1,614,2682,1,880,371,518,0,1.3,0,0,0,0,0,0,1,880,1.3,0,371
120671810201.00,544184,165936,543499,167203,430.94,43.094,1,1,3344,438,1,0.47,0,1,1,2273,3131,1,558,3189,1,773,345,427,0,1.3,0,0,0,0,0,0,1,773,1.3,0,345
120781910201.00,545282,166392,546259,171321,423.77,42.377,1,1,6931,789,1,0.47,0,1,1,4915,6693,1,1570,7460,1,2817,1653,1157,0,1.3,0,0,0,0,0,0,1,2817,1.3,0,1653
110710310401.00,544965,165462,545712,164469,320.3,32.03,1,1,2044,311,1,0.47,0,1,1,1324,1790,1,444,1790,1,1009,715,294,0,1.3,0,0,0,0,0,0,1,1009,1.3,0,715
120811010301.00,545940,168352,546842,167091,880.1,88.01,1,1,3262,434,2,0.47,0,1,1,1792,2493,1,562,2847,1,1171,901,285,0,1.3,0,0,0,0,0,0,1,1171,1.3,0,901
110781910201.00,544752,166868,545998,169801,357.92,35.792,1,1,4130,426,2,0.47,0,1,1,2914,3999,1,767,4030,1,2481,1604,877,0,1.3,0,0,0,0,0,0,1,2481,1.3,0,1604
120800410302.00,547332,166105,547620,169288,499.74,49.974,1,1,4243,615,3,0.47,0,1,1,2712,3727,1,859,4151,1,1448,641,798,0,1.3,0,0,0,0,0,0,1,1448,1.3,0,641
110663010401.00,541433,158504,542587,159426,290.96,29.096,1,1,2702,370,4,0.47,0,1,1,1765,2234,1,713,2456,1,1140,785,360,0,1.3,0,0,0,0,0,0,1,1140,1.3,0,785
120800410301.00,547553,166869,547332,166105,499.74,49.974,1,1,1509,234,3,0.47,0,1,1,933,1215,1,270,1264,1,844,560,290,0,1.3,0,0,0,0,0,0,1,844,1.3,0,560
120780510301.00,542999,167998,544956,170418,555.56,55.556,1,1,3610,420,2,0.47,0,1,1,2767,3605,1,936,3717,1,1416,1052,370,0,1.3,0,0,0,0,0,0,1,1416,1.3,0,1052
100660510203.00,541191,159741,541872,158846,513.51,51.351,1,1,1210,127,2,0.47,0,1,1,1082,1210,1,541,1210,1,618,493,125,0,1.3,0,0,0,0,0,0,1,618,1.3,0,493
110810110103.00,545948,167531,547966,165862,495.26,49.526,1,1,3309,425,1,0.47,0,1,1,2466,3253,1,747,3329,1,2084,1782,300,0,1.3,0,0,0,0,0,0,1,2084,1.3,0,1782
100660510202.00,542587,159426,541191,159741,513.51,51.351,1,1,3046,408,2,0.47,0,1,1,1778,2406,1,584,2584,1,1364,1219,156,0,1.3,0,0,0,0,0,0,1,1364,1.3,0,1219
110802710101.00,547920,168607,545318,169440,382.55,38.255,1,1,3795,548,0,0.47,0,1,1,2745,3601,1,923,3726,1,1627,1273,347,0,1.3,0,0,0,0,0,0,1,1627,1.3,0,1273
100680410101.00,547197,162093,543210,168258,490.95,49.095,1,1,10404,1023,2,0.47,0,1,1,6706,9064,1,2086,10574,1,2950,695,1698,1,1.3,1,3579,2799,780,0,1.65,1,3264.5,1.475,0.5,1747
110712210401.00,546011,165241,544826,165003,361.65,36.165,1,1,1834,281,1,0.47,0,1,1,1396,1789,1,534,1834,1,919,682,258,0,1.3,0,0,0,0,0,0,1,919,1.3,0,682
120662610101.00,542151,158636,541216,159336,252.78,25.278,1,1,1243,155,1,0.47,0,1,1,902,1239,1,243,1243,1,617,479,80,0,1.3,0,0,0,0,0,0,1,617,1.3,0,479
100691110103.00,544822,166769,545148,168059,505.28,50.528,1,1,1752,243,1,0.47,0,1,1,1268,1732,1,304,1752,1,1139,1032,111,0,1.3,0,0,0,0,0,0,1,1139,1.3,0,1032
110782710601.00,544816,167952,546583,165925,305,30.5,1,1,4316,529,2,0.47,0,1,1,2413,3207,1,765,3654,1,1717,1129,586,0,1.3,1,1761,1513,240,0,1.65,1,1739,1.475,0,1321
100670910201.00,542675,165973,543802,164935,759.46,75.946,1,1,2518,383,1,0.47,0,1,1,1927,2444,1,635,2445,1,997,697,300,0,1.3,0,0,0,0,0,0,1,997,1.3,0,697
100682510201.00,546005,163320,546441,166281,425.04,42.504,1,1,4165,633,1,0.47,0,1,1,2876,3905,1,810,3988,1,1440,805,630,0,1.3,0,0,0,0,0,0,1,1440,1.3,0,805
120781310201.00,544789,167357,544526,165869,467.19,46.719,1,1,2086,263,2,0.47,0,1,1,1491,1938,1,462,1962,1,718,452,265,0,1.3,0,0,0,0,0,0,1,718,1.3,0,452
100690210102.00,542371,168768,543719,169463,763.02,76.302,1,1,2201,298,2,0.47,0,1,1,1729,2201,1,710,2578,1,772,549,240,0,1.3,0,0,0,0,0,0,1,772,1.3,0,549
110781910101.00,544752,166868,545998,169801,331.56,33.156,1,1,4130,426,2,0.47,0,1,1,2914,3999,1,767,4030,1,2481,1604,877,0,1.3,0,0,0,0,0,0,1,2481,1.3,0,1604
120671810301.00,544184,165936,543499,167203,320.07,32.007,1,1,3344,438,1,0.47,0,1,1,2273,3131,1,558,3189,1,773,345,427,0,1.3,0,0,0,0,0,0,1,773,1.3,0,345
110711810101.00,544783,165671,544319,169675,370.56,37.056,1,1,5978,673,2,0.47,0,1,1,4299,5817,1,1164,6057,1,1683,567,1116,0,1.3,0,0,0,0,0,0,1,1683,1.3,0,567
100760710202.00,544423,171821,543870,171170,330.58,33.058,1,1,1655,279,1,0.47,0,1,1,760,992,1,284,1020,1,728,453,280,0,1.3,0,0,0,0,0,0,1,728,1.3,0,453
100691110101.00,545148,168059,544622,167608,505.28,50.528,1,1,884,142,1,0.47,0,1,1,643,884,1,146,884,0,0,0,0,0,0,0,0,0,0,0,0,0,0,0,0,0
100660510103.00,541191,159741,541872,158846,531.35,53.135,1,1,1210,127,2,0.47,0,1,1,1082,1210,1,541,1210,1,618,493,125,0,1.3,0,0,0,0,0,0,1,618,1.3,0,493
110671410201.00,542494,165948,540620,165814,322.23,32.223,1,1,3778,486,3,0.47,0,1,1,2335,3142,1,851,3959,1,1634,1257,375,0,1.3,0,0,0,0,0,0,1,1634,1.3,0,1257
120801710102.00,545484,165034,546747,166186,311.72,31.172,1,1,3405,468,1,0.47,0,1,1,1849,2517,1,553,2681,1,1403,1124,267,0,1.3,0,0,0,0,0,0,1,1403,1.3,0,1124
100760710201.00,543870,171170,544423,171821,330.58,33.058,1,1,1021,174,1,0.47,0,1,1,706,992,1,185,1020,1,303,56,240,0,1.3,0,0,0,0,0,0,1,303,1.3,0,56
120801310201.00,547810,166162,546163,166254,279.36,27.936,1,1,2666,460,1,0.47,0,1,1,1501,2065,1,544,2687,1,917,239,676,0,1.3,0,0,0,0,0,0,1,917,1.3,0,239
120801310601.00,547810,166162,546163,166254,333.12,33.312,1,1,2666,460,1,0.47,0,1,1,1501,2065,1,544,2687,1,917,239,676,0,1.3,0,0,0,0,0,0,1,917,1.3,0,239
120421410103.00,546631,172138,547203,171405,282.57,28.257,1,1,2448,440,2,0.47,0,1,1,1738,2369,1,436,2448,1,1318,946,360,0,1.3,0,0,0,0,0,0,1,1318,1.3,0,946
110810110201.00,545948,167531,547966,165862,470.83,47.083,1,1,3309,425,1,0.47,0,1,1,2466,3253,1,747,3329,1,2084,1782,300,0,1.3,0,0,0,0,0,0,1,2084,1.3,0,1782
100650810101.00,542222,168692,544419,169916,259.13,25.913,1,1,3376,421,1,0.47,0,1,1,2522,3231,1,857,3380,1,1318,915,420,0,1.3,0,0,0,0,0,0,1,1318,1.3,0,915
100441810301.00,548163,170979,541684,167255,312.15,31.215,1,1,9693,1070,1,0.47,0,1,1,7153,9447,1,2429,11143,1,3787,1140,2236,1,1.3,0,0,0,0,0,0,1,3787,1.3,1,1140
120660310101.00,542102,158332,543761,167761,288.57,28.857,1,1,12698,1340,1,0.47,0,1,1,8410,11595,1,2418,11816,1,2974,1093,1647,1,1.3,0,0,0,0,0,0,1,2974,1.3,1,1093
110691310201.00,544435,167929,545389,169145,258.95,25.895,1,1,2138,219,2,0.47,0,1,1,1583,2102,1,465,2113,1,1250,1113,124,0,1.3,0,0,0,0,0,0,1,1250,1.3,0,1113
120800710101.00,547036,167028,547394,165495,401.25,40.125,1,1,1842,203,4,0.47,0,1,1,1422,1829,1,526,2041,1,1053,758,285,0,1.3,0,0,0,0,0,0,1,1053,1.3,0,758
110712410201.00,545391,164581,544523,164008,263.91,26.391,1,1,2279,272,2,0.47,0,1,1,1340,1695,1,520,1706,1,794,429,357,0,1.3,0,0,0,0,0,0,1,794,1.3,0,429
110681310101.00,545287,164320,546296,166172,430.13,43.013,1,1,2371,404,1,0.47,0,1,1,1743,2346,1,484,2420,1,726,332,374,0,1.3,0,0,0,0,0,0,1,726,1.3,0,332
100713010201.00,546236,165693,544578,163468,418.17,41.817,1,1,3531,416,2,0.47,0,1,1,2407,3097,1,830,3160,1,750,285,450,0,1.3,0,0,0,0,0,0,1,750,1.3,0,285
100660510101.00,541505,158959,542587,159426,531.35,53.135,1,1,2216,281,2,0.47,0,1,1,1423,1748,1,610,1970,1,876,701,180,0,1.3,0,0,0,0,0,0,1,876,1.3,0,701
100691610101.00,545392,169553,545367,170914,581.3,58.13,1,1,3850,486,2,0.47,0,1,1,2674,3649,1,807,3932,1,2083,1198,878,0,1.3,0,0,0,0,0,0,1,2083,1.3,0,1198
110650410101.00,541688,167876,542218,167045,776.61,77.661,1,1,1652,248,0,0.47,0,1,1,1016,1350,1,272,1382,1,669,591,70,0,1.3,0,0,0,0,0,0,1,669,1.3,0,591
100800710101.00,547582,166924,547446,166017,262.94,26.294,1,1,1324,233,1,0.47,0,1,1,995,1290,1,329,1277,1,838,553,290,0,1.3,0,0,0,0,0,0,1,838,1.3,0,553
120672910101.00,543689,165593,544497,164204,312.16,31.216,1,1,2302,470,2,0.47,0,1,1,1741,2302,1,582,2302,1,1117,810,288,0,1.3,0,0,0,0,0,0,1,1117,1.3,0,810
100442710101.00,547272,171032,547039,168111,274.57,27.457,1,1,3213,476,0,0.47,0,1,1,2410,3190,1,661,3211,1,713,232,480,0,1.3,0,0,0,0,0,0,1,713,1.3,0,232
110663010201.00,541433,158504,544517,167657,262.53,26.253,1,1,12506,1365,4,0.47,0,1,1,8569,11777,1,2498,12237,1,2598,608,1776,1,1.3,1,2718,440,1769,1,1.65,1,2658,1.475,1,524
110663010301.00,541433,158504,542587,159426,322.56,32.256,1,1,2702,370,4,0.47,0,1,1,1765,2234,1,713,2456,1,1140,785,360,0,1.3,0,0,0,0,0,0,1,1140,1.3,0,785
120660710301.00,541328,159230,542493,159336,497.01,49.701,1,1,2450,323,4,0.47,0,1,1,1639,2017,1,738,2204,1,937,696,245,0,1.3,0,0,0,0,0,0,1,937,1.3,0,696
100670910101.00,542675,165973,543802,164935,846.38,84.638,1,1,2518,383,1,0.47,0,1,1,1927,2444,1,635,2445,1,997,697,300,0,1.3,0,0,0,0,0,0,1,997,1.3,0,697
120800410401.00,547553,166869,547332,166105,499.74,49.974,1,1,1509,234,3,0.47,0,1,1,933,1215,1,270,1264,1,844,560,290,0,1.3,0,0,0,0,0,0,1,844,1.3,0,560
100660510301.00,541505,158959,542587,159426,546.87,54.687,1,1,2216,281,2,0.47,0,1,1,1423,1748,1,610,1970,1,876,701,180,0,1.3,0,0,0,0,0,0,1,876,1.3,0,701
120672910501.00,543689,165593,544497,164204,260.8,26.08,1,1,2302,470,2,0.47,0,1,1,1741,2302,1,582,2302,1,1117,810,288,0,1.3,0,0,0,0,0,0,1,1117,1.3,0,810
100682510101.00,546005,163320,546441,166281,474.47,47.447,1,1,4165,633,1,0.47,0,1,1,2876,3905,1,810,3988,1,1440,805,630,0,1.3,0,0,0,0,0,0,1,1440,1.3,0,805
110802710102.00,545318,169440,547920,168607,382.55,38.255,1,1,3802,577,0,0.47,0,1,1,2651,3601,1,768,3608,1,1889,1621,268,0,1.3,0,0,0,0,0,0,1,1889,1.3,0,1621
100810710201.00,545923,168068,546491,169352,508.01,50.801,1,1,3131,442,1,0.47,0,1,1,1693,2321,1,605,3034,1,1121,968,154,0,1.3,0,0,0,0,0,0,1,1121,1.3,0,968
120780510101.00,542999,167998,544956,170418,524.06,52.406,1,1,3610,420,2,0.47,0,1,1,2767,3605,1,936,3717,1,1416,1052,370,0,1.3,0,0,0,0,0,0,1,1416,1.3,0,1052
100811510101.00,546602,169476,545845,167071,398.01,39.801,1,1,4523,524,3,0.47,0,1,1,3139,4181,1,961,4152,1,1828,988,840,0,1.3,0,0,0,0,0,0,1,1828,1.3,0,988
120800410501.00,547553,166869,547332,166105,705.08,70.508,1,1,1509,234,3,0.47,0,1,1,933,1215,1,270,1264,1,844,560,290,0,1.3,0,0,0,0,0,0,1,844,1.3,0,560
120670310101.00,543363,166868,542112,168623,283.93,28.393,1,1,3614,421,1,0.47,0,1,1,2082,2873,1,539,3068,1,1202,864,336,0,1.3,1,2122,416,754,1,1.45,1,1662,1.375,0.5,640
100680410401.00,547197,162093,543210,168258,479.36,47.936,1,1,10404,1023,2,0.47,0,1,1,6706,9064,1,2086,10574,1,2950,695,1698,1,1.3,1,3579,2799,780,0,1.65,1,3264.5,1.475,0.5,1747
110681710401.00,545972,163298,546290,168186,483.88,48.388,1,1,6727,835,3,0.47,0,1,1,4633,6379,1,1282,6378,1,2173,910,1260,0,1.3,0,0,0,0,0,0,1,2173,1.3,0,910
100691110201.00,545148,168059,544622,167608,493.36,49.336,1,1,884,142,1,0.47,0,1,1,643,884,1,146,884,0,0,0,0,0,0,0,0,0,0,0,0,0,0,0,0,0
100811810301.00,546942,169541,546743,166949,276.21,27.621,1,1,3039,465,2,0.47,0,1,1,2130,2820,1,720,2819,1,828,284,544,0,1.3,0,0,0,0,0,0,1,828,1.3,0,284
120670310102.00,542112,168623,544155,171637,283.93,28.393,1,1,5023,556,1,0.47,0,1,1,3420,4507,1,1076,4638,1,1527,712,840,0,1.3,0,0,0,0,0,0,1,1527,1.3,0,712
100661510201.00,542678,165124,543168,165005,168.98,16.898,1,1,806,230,3,0.47,0,1,1,571,720,1,240,806,1,389,328,60,0,1.3,0,0,0,0,0,0,1,389,1.3,0,328
110681710101.00,545972,163298,547496,166490,414.27,41.427,1,1,4893,617,3,0.47,0,1,1,3224,4454,1,993,4454,1,2156,1252,900,0,1.3,0,0,0,0,0,0,1,2156,1.3,0,1252
100660510201.00,541505,158959,542587,159426,513.51,51.351,1,1,2216,281,2,0.47,0,1,1,1423,1748,1,610,1970,1,876,701,180,0,1.3,0,0,0,0,0,0,1,876,1.3,0,701
100800710201.00,547582,166924,547446,166017,284.12,28.412,1,1,1324,233,1,0.47,0,1,1,995,1290,1,329,1277,1,838,553,290,0,1.3,0,0,0,0,0,0,1,838,1.3,0,553
120811710201.00,547355,169042,542463,164737,412.48,41.248,1,1,8408,1082,1,0.47,0,1,1,6163,7977,1,2027,9063,1,3165,781,2378,0,1.3,0,0,0,0,0,0,1,3165,1.3,0,781
100660510102.00,542587,159426,541191,159741,531.35,53.135,1,1,3046,408,2,0.47,0,1,1,1778,2406,1,584,2584,1,1364,1219,156,0,1.3,0,0,0,0,0,0,1,1364,1.3,0,1219
110691310202.00,545389,169145,544435,167929,258.95,25.895,1,1,2127,220,2,0.47,0,1,1,1501,2103,1,429,2103,1,1194,1078,115,0,1.3,0,0,0,0,0,0,1,1194,1.3,0,1078
100691610301.00,545392,169553,545367,170914,567.57,56.757,1,1,3850,486,2,0.47,0,1,1,2674,3649,1,807,3932,1,2083,1198,878,0,1.3,0,0,0,0,0,0,1,2083,1.3,0,1198
120800610101.00,547594,166883,543070,162012,277.12,27.712,1,1,9867,949,1,0.47,0,1,1,6147,7898,1,2237,9097,1,3180,795,2108,1,1.3,0,0,0,0,0,0,1,3180,1.3,1,795
100811810101.00,546942,169541,543244,165161,226.61,22.661,1,1,8274,929,2,0.47,0,1,1,5631,7316,1,1880,8120,1,2245,276,1334,1,1.3,0,0,0,0,0,0,1,2245,1.3,1,276
100690210101.00,543719,169463,542371,168768,763.02,76.302,1,1,2214,297,2,0.47,0,1,1,1639,2201,1,513,2588,1,658,450,206,0,1.3,0,0,0,0,0,0,1,658,1.3,0,450
120662610102.00,541216,159336,542151,158636,252.78,25.278,1,1,1239,167,1,0.47,0,1,1,1110,1239,1,626,1239,1,522,397,125,0,1.3,0,0,0,0,0,0,1,522,1.3,0,397
110712210101.00,546011,165241,544915,165086,326.32,32.632,1,1,1714,241,1,0.47,0,1,1,1332,1714,1,500,1714,1,912,675,258,0,1.3,0,0,0,0,0,0,1,912,1.3,0,675
110810610102.00,546008,168209,547193,167641,539.89,53.989,1,1,2471,358,1,0.47,0,1,1,1341,1848,1,418,1862,1,783,481,304,0,1.3,0,0,0,0,0,0,1,783,1.3,0,481
110710310201.00,544965,165462,545712,164469,326.32,32.632,1,1,2044,311,1,0.47,0,1,1,1324,1790,1,444,1790,1,1009,715,294,0,1.3,0,0,0,0,0,0,1,1009,1.3,0,715
110710910202.00,546442,166282,546032,165956,351.94,35.194,1,1,939,244,2,0.47,0,1,1,666,891,1,245,939,1,649,566,100,0,1.3,0,0,0,0,0,0,1,649,1.3,0,566
120671410101.00,542774,166098,544876,165005,312.16,31.216,1,1,4930,635,2,0.47,0,1,1,3506,4614,1,1089,4930,1,1822,1384,438,0,1.3,0,0,0,0,0,0,1,1822,1.3,0,1384
120672910102.00,544497,164204,543689,165593,312.16,31.216,1,1,2302,372,2,0.47,0,1,1,1691,2302,1,554,2302,1,1007,778,228,0,1.3,0,0,0,0,0,0,1,1007,1.3,0,778
100441810101.00,548163,170979,541684,167255,281.26,28.126,1,1,9693,1070,1,0.47,0,1,1,7153,9447,1,2429,11143,1,3787,1140,2236,1,1.3,0,0,0,0,0,0,1,3787,1.3,1,1140
120801710101.00,546747,166186,545484,165034,311.72,31.172,1,1,3423,465,1,0.47,0,1,1,1934,2516,1,647,2683,1,1422,995,425,0,1.3,0,0,0,0,0,0,1,1422,1.3,0,995
100660510401.00,541505,158959,542587,159426,490.71,49.071,1,1,2216,281,2,0.47,0,1,1,1423,1748,1,610,1970,1,876,701,180,0,1.3,0,0,0,0,0,0,1,876,1.3,0,701
110691510101.00,546172,168904,547305,166927,361.22,36.122,1,1,3348,494,2,0.47,0,1,1,2425,3255,1,733,3455,1,1368,888,480,0,1.3,0,0,0,0,0,0,1,1368,1.3,0,888
110690510101.00,544439,171859,545352,170963,343.65,34.365,1,1,3256,421,1,0.47,0,1,1,2430,3255,1,659,3255,1,1066,649,438,0,1.3,0,0,0,0,0,0,1,1066,1.3,0,649
120710910101.00,546294,166417,545373,166012,344.4,34.44,1,1,1534,342,1,0.47,0,1,1,1218,1503,1,448,1534,1,599,291,306,0,1.3,0,0,0,0,0,0,1,599,1.3,0,291
110802110102.00,546098,165698,546744,166065,242.89,24.289,1,1,1539,203,2,0.47,0,1,1,802,1047,1,316,1082,1,728,581,150,0,1.3,0,0,0,0,0,0,1,728,1.3,0,581
110662410101.00,542087,158536,544439,167585,408.94,40.894,1,1,12727,1392,4,0.47,0,1,1,8582,11928,1,2336,11981,1,2367,557,1567,1,1.3,1,2565,467,1560,1,1.65,1,2466,1.475,1,512
110712210102.00,544915,165086,547014,168045,326.32,32.632,1,1,5143,764,1,0.47,0,1,1,3101,4278,1,1025,5143,1,1683,1041,640,0,1.3,0,0,0,0,0,0,1,1683,1.3,0,1041
100680410301.00,547197,162093,543210,168258,479.36,47.936,1,1,10404,1023,2,0.47,0,1,1,6706,9064,1,2086,10574,1,2950,695,1698,1,1.3,1,3579,2799,780,0,1.65,1,3264.5,1.475,0.5,1747
120800810201.00,546964,166967,546533,169613,401.25,40.125,1,1,3614,535,3,0.47,0,1,1,2462,3290,1,760,3712,1,938,483,454,0,1.3,0,0,0,0,0,0,1,938,1.3,0,483
110781910102.00,545998,169801,544752,166868,331.56,33.156,1,1,4135,426,2,0.47,0,1,1,3029,3999,1,956,3998,1,2187,1946,239,0,1.3,0,0,0,0,0,0,1,2187,1.3,0,1946
120800610501.00,547594,166883,543070,162012,231.52,23.152,1,1,9867,949,1,0.47,0,1,1,6147,7898,1,2237,9097,1,3180,795,2108,1,1.3,0,0,0,0,0,0,1,3180,1.3,1,795
100811810401.00,546942,169541,543244,165161,233.23,23.323,1,1,8274,929,2,0.47,0,1,1,5631,7316,1,1880,8120,1,2245,276,1334,1,1.3,0,0,0,0,0,0,1,2245,1.3,1,276
100660510402.00,542587,159426,541191,159741,490.71,49.071,1,1,3046,408,2,0.47,0,1,1,1778,2406,1,584,2584,1,1364,1219,156,0,1.3,0,0,0,0,0,0,1,1364,1.3,0,1219
120681710101.00,547029,165383,546036,160017,613.24,61.324,1,1,9871,1015,1,0.47,0,1,1,5830,7485,1,1856,7485,1,3943,1696,1860,1,1.3,0,0,0,0,0,0,1,3943,1.3,1,1696
110810110101.00,545948,167531,545368,170915,495.26,49.526,1,1,5015,542,1,0.47,0,1,1,3552,4800,1,1181,5820,1,2138,1406,729,0,1.3,0,0,0,0,0,0,1,2138,1.3,0,1406
110810110401.00,545948,167531,545368,170915,578.49,57.849,1,1,5015,542,1,0.47,0,1,1,3552,4800,1,1181,5820,1,2138,1406,729,0,1.3,0,0,0,0,0,0,1,2138,1.3,0,1406
110691210101.00,544524,168251,543168,165005,237.77,23.777,1,1,4778,644,1,0.47,0,1,1,3427,4536,1,963,4659,1,2029,660,1360,0,1.3,1,1884,953,660,1,1.65,1,1956.5,1.475,0.5,806
100691110102.00,544622,167608,544822,166769,505.28,50.528,1,1,1134,150,1,0.47,0,1,1,800,1069,1,228,1134,1,476,331,152,0,1.3,0,0,0,0,0,0,1,476,1.3,0,331
110810110102.00,545368,170915,545948,167531,495.26,49.526,1,1,4817,532,1,0.47,0,1,1,3533,4800,1,1205,6290,1,2417,1767,600,0,1.3,0,0,0,0,0,0,1,2417,1.3,0,1767
90671610301.00,544090,165637,543393,169478,294.21,29.421,1,1,6141,729,2,0.47,0,1,1,4118,5537,1,1236,5795,1,2350,1102,1260,0,1.3,1,1740,935,564,1,1.65,1,2045,1.475,0.5,1018
90680110401.00,546441,163845,547332,166105,269.05,26.905,1,1,3154,369,1,0.47,0,1,1,2128,2991,1,621,2991,1,2118,1109,1009,0,1.3,1,2000,609,1005,1,1.45,1,2059,1.375,0.5,859
50760310301.00,542767,170757,543210,168258,492.49,49.249,1,1,4981,620,2,0.47,0,1,1,2527,3394,1,776,3491,1,2418,2091,327,0,1.3,1,1805,1625,180,0,1.65,1,2111.5,1.475,0,1858
70650310102.00,542372,168768,541647,167790,451.76,45.176,1,1,1621,283,1,0.47,0,1,1,1045,1451,1,272,1597,1,921,782,106,0,1.3,0,0,0,0,0,0,1,921,1.3,0,782
90680110101.00,546441,163845,547332,166105,328.27,32.827,1,1,3154,369,1,0.47,0,1,1,2128,2991,1,621,2991,1,2118,1109,1009,0,1.3,1,2000,609,1005,1,1.45,1,2059,1.375,0.5,859
90671610401.00,544090,165637,543393,169478,247.41,24.741,1,1,6141,729,2,0.47,0,1,1,4118,5537,1,1236,5795,1,2350,1102,1260,0,1.3,1,1740,935,564,1,1.65,1,2045,1.475,0.5,1018
80710710203.00,545601,166590,544450,167689,287.81,28.781,1,1,2171,336,2,0.47,0,1,1,1544,2070,1,479,2106,1,1841,836,1005,0,1.3,1,912,725,180,0,1.65,1,1376.5,1.475,0,780
60810910101.00,546375,168679,542258,161387,327.18,32.718,1,1,12024,1432,1,0.47,0,1,1,8310,10738,1,2900,11583,1,3366,1009,1634,1,1.3,1,3602,1700,1440,1,1.45,1,3484,1.375,1,1354
60801010201.00,547768,167584,544354,167494,531.77,53.177,1,1,5012,638,2,0.47,0,1,1,3205,4166,1,1057,4531,1,1656,1056,600,0,1.3,1,1628,218,1049,1,1.65,1,1642,1.475,0.5,637
90671610101.00,544090,165637,543393,169478,301.87,30.187,1,1,6141,729,2,0.47,0,1,1,4118,5537,1,1236,5795,1,2350,1102,1260,0,1.3,1,1740,935,564,1,1.65,1,2045,1.475,0.5,1018
50692210101.00,542925,170120,546666,165801,861.93,86.193,1,1,7566,910,1,0.47,0,1,1,5506,7296,1,1684,7718,1,3231,1329,1900,0,1.3,1,2205,1838,360,0,1.65,1,2718,1.475,0,1583
90680110301.00,546441,163845,547332,166105,331.77,33.177,1,1,3154,369,1,0.47,0,1,1,2128,2991,1,621,2991,1,2118,1109,1009,0,1.3,1,2000,609,1005,1,1.45,1,2059,1.375,0.5,859
90650910102.00,543195,169421,541487,167936,427.2,42.72,1,1,3803,478,3,0.47,0,1,1,2196,2977,1,821,3516,1,1644,1414,240,0,1.3,1,1739,343,848,1,1.45,1,1691.5,1.375,0.5,878
80710710103.00,545601,166590,544450,167689,280.61,28.061,1,1,2171,336,2,0.47,0,1,1,1544,2070,1,479,2106,1,1841,836,1005,0,1.3,1,912,725,180,0,1.65,1,1376.5,1.475,0,780
130813310101.00,547612,168144,548895,163330,385.4,38.54,1,1,6980,686,0,0.47,0,1,1,4930,6361,1,1708,7379,1,3234,1189,1576,1,1.3,1,2943,1540,1140,1,1.45,1,3088.5,1.375,1,1364
140781810102.00,545564,170812,544201,168074,428.89,42.889,1,1,5072,592,1,0.47,0,1,1,3489,4769,1,1004,4775,1,2323,2080,268,0,1.3,1,1982,695,1020,1,1.45,1,2152.5,1.375,0.5,1387
130813310201.00,547612,168144,548895,163330,393.67,39.367,1,1,6980,686,0,0.47,0,1,1,4930,6361,1,1708,7379,1,3234,1189,1576,1,1.3,1,2943,1540,1140,1,1.45,1,3088.5,1.375,1,1364
110662410102.00,544439,167585,542087,158536,408.94,40.894,1,1,12828,1460,4,0.47,0,1,1,9161,11927,1,2989,12330,1,2577,539,1620,1,1.3,1,3144,630,2113,1,1.65,1,2860.5,1.475,1,584
110782710503.00,544816,167952,541877,168379,282.53,28.253,1,1,4623,551,2,0.47,0,1,1,2687,3721,1,667,3872,1,1512,995,512,0,1.3,1,1517,1276,240,0,1.45,1,1514.5,1.375,0,1135
90652010401.00,542043,167853,541498,167854,315.29,31.529,1,1,719,159,2,0.47,0,1,1,541,719,1,132,719,0,0,0,0,0,0,0,0,0,0,0,0,0,0,0,0,0
120662810201.00,541153,158608,546749,168322,325.39,32.539,1,1,15254,1522,2,0.47,0,1,1,10271,14018,1,3069,15186,1,3209,340,2454,1,1.3,1,2863,352,2100,1,1.45,1,3036,1.375,1,346
60661410101.00,542466,158239,542388,159248,411.38,41.138,1,1,1571,267,1,0.47,0,1,1,962,1385,1,272,1385,0,0,0,0,0,0,0,0,0,0,0,0,0,0,0,0,0
140673410301.00,544249,165320,543873,164386,792.27,79.227,1,1,1430,264,3,0.47,0,1,1,1084,1430,1,305,1430,1,900,821,96,0,1.3,0,0,0,0,0,0,1,900,1.3,0,821
60781110101.00,544624,167357,544156,168220,331.66,33.166,1,1,1018,188,4,0.47,0,1,1,742,1018,1,170,1018,1,586,522,75,0,1.3,0,0,0,0,0,0,1,586,1.3,0,522
60661410301.00,542466,158239,542388,159248,491.17,49.117,1,1,1571,267,1,0.47,0,1,1,962,1385,1,272,1385,0,0,0,0,0,0,0,0,0,0,0,0,0,0,0,0,0
70672410201.00,544441,165280,543802,164935,447.73,44.773,1,1,1178,215,1,0.47,0,1,1,874,1178,1,223,1178,0,0,0,0,0,0,0,0,0,0,0,0,0,0,0,0,0
60672110101.00,543747,164730,544383,162848,321.64,32.164,1,1,3811,378,2,0.47,0,1,1,1916,2601,1,589,2601,1,1633,1539,93,0,1.3,0,0,0,0,0,0,1,1633,1.3,0,1539
80810110202.00,545845,167071,545130,166719,412.31,41.231,1,1,924,101,1,0.47,0,1,1,684,859,1,245,859,0,0,0,0,0,0,0,0,0,0,0,0,0,0,0,0,0
90681210401.00,545282,164324,545377,164407,286.76,28.676,1,1,158,40,2,0.47,0,1,1,108,158,1,24,158,0,0,0,0,0,0,0,0,0,0,0,0,0,0,0,0,0
70780410101.00,543098,168504,542372,168768,161.53,16.153,1,1,1039,115,2,0.47,0,1,1,739,1024,1,191,1039,1,438,293,144,0,1.3,0,0,0,0,0,0,1,438,1.3,0,293
60661410102.00,542388,159248,542466,158239,411.38,41.138,1,1,1571,257,1,0.47,0,1,1,1074,1385,1,386,1385,1,832,713,93,0,1.3,0,0,0,0,0,0,1,832,1.3,0,713
60810410401.00,546508,168002,546451,168069,354.32,35.432,1,1,228,69,2,0.47,0,1,1,166,228,1,42,228,0,0,0,0,0,0,0,0,0,0,0,0,0,0,0,0,0
60692710103.00,544957,169821,544415,169918,334.61,33.461,1,1,963,192,3,0.47,0,1,1,732,981,1,242,981,0,0,0,0,0,0,0,0,0,0,0,0,0,0,0,0,0
60810410201.00,546508,168002,546451,168069,374.49,37.449,1,1,228,69,2,0.47,0,1,1,166,228,1,42,228,0,0,0,0,0,0,0,0,0,0,0,0,0,0,0,0,0
60662210101.00,541438,158848,541388,158107,374.26,37.426,1,1,1238,206,1,0.47,0,1,1,969,1099,1,503,1099,0,0,0,0,0,0,0,0,0,0,0,0,0,0,0,0,0
70780410102.00,542372,168768,543098,168504,161.53,16.153,1,1,1042,113,2,0.47,0,1,1,763,1024,1,215,1042,1,427,271,120,0,1.3,0,0,0,0,0,0,1,427,1.3,0,271
90672010301.00,542629,166033,542273,165799,218.25,21.825,1,1,1108,202,2,0.47,0,1,1,474,622,1,301,1108,0,0,0,0,0,0,0,0,0,0,0,0,0,0,0,0,0
60780310201.00,543016,168496,541795,168249,402.02,40.202,1,1,1376,207,3,0.47,0,1,1,968,1376,1,210,1376,1,782,686,96,0,1.3,0,0,0,0,0,0,1,782,1.3,0,686
70670610103.00,542435,167284,541684,167255,193.22,19.322,1,1,1126,184,1,0.47,0,1,1,858,1126,1,295,1126,1,766,691,69,0,1.3,0,0,0,0,0,0,1,766,1.3,0,691
90681710201.00,545921,163946,545766,163568,328.27,32.827,1,1,581,80,2,0.47,0,1,1,478,639,1,166,639,1,380,239,139,0,1.3,0,0,0,0,0,0,1,380,1.3,0,239
90681710501.00,545921,163946,545766,163568,269.05,26.905,1,1,581,80,2,0.47,0,1,1,478,639,1,166,639,1,380,239,139,0,1.3,0,0,0,0,0,0,1,380,1.3,0,239
70690710201.00,544392,170498,544431,170073,278.97,27.897,1,1,491,101,2,0.47,0,1,1,392,490,1,240,490,0,0,0,0,0,0,0,0,0,0,0,0,0,0,0,0,0
90781110201.00,543430,167138,543289,167542,410.79,41.079,1,1,943,144,2,0.47,0,1,1,684,943,1,171,943,1,760,509,251,0,1.3,0,0,0,0,0,0,1,760,1.3,0,509
80760610201.00,542485,170949,543663,171025,212.4,21.24,1,1,2112,232,2,0.47,0,1,1,1099,1486,1,372,1788,1,1122,905,217,0,1.3,0,0,0,0,0,0,1,1122,1.3,0,905
70672410301.00,544441,165280,543802,164935,348.84,34.884,1,1,1178,215,1,0.47,0,1,1,874,1178,1,223,1178,0,0,0,0,0,0,0,0,0,0,0,0,0,0,0,0,0
50800310202.00,547332,166105,547503,165864,739.42,73.942,1,1,328,87,2,0.47,0,1,1,254,328,1,70,328,0,0,0,0,0,0,0,0,0,0,0,0,0,0,0,0,0
80712110203.00,544940,165643,544738,165822,292.74,29.274,1,1,362,82,1,0.47,0,1,1,249,362,1,75,362,0,0,0,0,0,0,0,0,0,0,0,0,0,0,0,0,0
50713210201.00,545094,165299,544915,165086,348.54,34.854,1,1,261,61,1,0.47,0,1,1,198,262,1,59,262,0,0,0,0,0,0,0,0,0,0,0,0,0,0,0,0,0
60661410103.00,542466,158239,541794,158743,411.38,41.138,1,1,1169,228,1,0.47,0,1,1,617,914,1,123,914,1,589,473,88,0,1.3,0,0,0,0,0,0,1,589,1.3,0,473
90681210101.00,545282,164324,545377,164407,322.24,32.224,1,1,158,40,2,0.47,0,1,1,108,158,1,24,158,0,0,0,0,0,0,0,0,0,0,0,0,0,0,0,0,0
90652010301.00,542043,167853,541474,167877,361.36,36.136,1,1,830,170,2,0.47,0,1,1,597,796,1,264,830,0,0,0,0,0,0,0,0,0,0,0,0,0,0,0,0,0
90672010101.00,542629,166033,542273,165799,223.94,22.394,1,1,1108,202,2,0.47,0,1,1,474,622,1,301,1108,0,0,0,0,0,0,0,0,0,0,0,0,0,0,0,0,0
90662410601.00,542322,158733,542587,159426,326.68,32.668,1,1,1027,168,5,0.47,0,1,1,714,1027,1,175,1027,0,0,0,0,0,0,0,0,0,0,0,0,0,0,0,0,0
90662410101.00,542322,158733,542587,159426,335.18,33.518,1,1,1027,168,5,0.47,0,1,1,714,1027,1,175,1027,0,0,0,0,0,0,0,0,0,0,0,0,0,0,0,0,0
90681210402.00,545377,164407,545712,164469,286.76,28.676,1,1,489,126,2,0.47,0,1,1,361,489,1,126,489,0,0,0,0,0,0,0,0,0,0,0,0,0,0,0,0,0
60810410301.00,546508,168002,546451,168069,469.13,46.913,1,1,228,69,2,0.47,0,1,1,166,228,1,42,228,0,0,0,0,0,0,0,0,0,0,0,0,0,0,0,0,0
70672410202.00,543802,164935,544441,165280,447.73,44.773,1,1,1188,225,1,0.47,0,1,1,853,1178,1,203,1188,0,0,0,0,0,0,0,0,0,0,0,0,0,0,0,0,0
70692110201.00,545821,169717,545560,169376,471.99,47.199,1,1,590,81,2,0.47,0,1,1,493,575,1,236,626,0,0,0,0,0,0,0,0,0,0,0,0,0,0,0,0,0
60781610105.00,544597,167605,545149,167401,658.3,65.83,1,1,782,109,1,0.47,0,1,1,585,782,1,145,782,0,0,0,0,0,0,0,0,0,0,0,0,0,0,0,0,0
60691410101.00,543385,170610,543786,170886,556.2,55.62,1,1,550,127,1,0.47,0,1,1,393,550,1,86,550,0,0,0,0,0,0,0,0,0,0,0,0,0,0,0,0,0
130660910101.00,542564,164648,541579,164415,401.64,40.164,1,1,2416,381,4,0.47,0,1,1,1510,2044,1,515,2044,0,0,0,0,0,0,0,0,0,0,0,0,0,0,0,0,0
130810710102.00,546245,167890,546124,168228,363.62,36.362,1,1,952,125,2,0.47,0,1,1,468,661,1,117,661,1,378,290,116,0,1.3,0,0,0,0,0,0,1,378,1.3,0,290
140811910102.00,546440,169163,546898,169815,472.78,47.278,1,1,1384,245,1,0.47,0,1,1,704,1043,1,140,1043,1,755,440,315,0,1.3,0,0,0,0,0,0,1,755,1.3,0,440
130801710401.00,546733,165884,546189,166187,307.94,30.794,1,1,1346,235,2,0.47,0,1,1,506,719,1,137,719,0,0,0,0,0,0,0,0,0,0,0,0,0,0,0,0,0
140811210102.00,546644,168297,545974,168514,270.42,27.042,1,1,930,206,1,0.47,0,1,1,684,874,1,222,874,0,0,0,0,0,0,0,0,0,0,0,0,0,0,0,0,0
130760510202.00,543127,170047,543164,169510,961.82,96.182,1,1,827,154,1,0.47,0,1,1,606,827,1,187,827,0,0,0,0,0,0,0,0,0,0,0,0,0,0,0,0,0
130660910401.00,542564,164648,541579,164415,320.98,32.098,1,1,2416,381,4,0.47,0,1,1,1510,2044,1,515,2044,0,0,0,0,0,0,0,0,0,0,0,0,0,0,0,0,0
130660910102.00,541579,164415,542564,164648,401.64,40.164,1,1,2432,409,4,0.47,0,1,1,1508,2044,1,491,2044,0,0,0,0,0,0,0,0,0,0,0,0,0,0,0,0,0
140811210101.00,545974,168514,546644,168297,270.42,27.042,1,1,930,192,1,0.47,0,1,1,592,874,1,127,874,0,0,0,0,0,0,0,0,0,0,0,0,0,0,0,0,0
130801710203.00,546733,165884,546189,166187,432.09,43.209,1,1,1346,235,2,0.47,0,1,1,506,719,1,137,719,0,0,0,0,0,0,0,0,0,0,0,0,0,0,0,0,0
140811910101.00,546691,169327,546440,169163,472.78,47.278,1,1,340,108,1,0.47,0,1,1,269,335,1,81,341,0,0,0,0,0,0,0,0,0,0,0,0,0,0,0,0,0
130732410201.00,540732,166080,540320,165706,229.57,22.957,1,1,923,174,1,0.47,0,1,1,716,923,1,238,923,0,0,0,0,0,0,0,0,0,0,0,0,0,0,0,0,0
110710910201.00,546168,166397,546442,166282,351.94,35.194,1,1,1136,332,2,0.47,0,1,1,610,833,1,249,1136,0,0,0,0,0,0,0,0,0,0,0,0,0,0,0,0,0
110710910101.00,546168,166397,546442,166282,273.24,27.324,1,1,1136,332,2,0.47,0,1,1,610,833,1,249,1136,0,0,0,0,0,0,0,0,0,0,0,0,0,0,0,0,0
100682910201.00,546161,163418,545765,163568,490.95,49.095,1,1,603,120,3,0.47,0,1,1,417,603,1,87,603,0,0,0,0,0,0,0,0,0,0,0,0,0,0,0,0,0
110810610101.00,545954,167864,546008,168209,539.89,53.989,1,1,1053,166,1,0.47,0,1,1,326,486,1,60,486,1,246,30,175,0,1.3,0,0,0,0,0,0,1,246,1.3,0,30
110802110101.00,546744,166065,546098,165698,242.89,24.289,1,1,1521,227,2,0.47,0,1,1,756,1047,1,260,1047,1,734,633,96,0,1.3,0,0,0,0,0,0,1,734,1.3,0,633
110810610201.00,545954,167864,546008,168209,598.35,59.835,1,1,1053,166,1,0.47,0,1,1,326,486,1,60,486,1,246,30,175,0,1.3,0,0,0,0,0,0,1,246,1.3,0,30
120651210101.00,542163,168156,542372,168757,618.04,61.804,1,1,871,116,1,0.47,0,1,1,664,870,1,223,1088,1,489,371,131,0,1.3,0,0,0,0,0,0,1,489,1.3,0,371
110662510201.00,542464,158315,541895,158912,408.94,40.894,1,1,895,138,1,0.47,0,1,1,607,895,1,143,895,0,0,0,0,0,0,0,0,0,0,0,0,0,0,0,0,0
100682910101.00,546161,163418,546686,164022,545.49,54.549,1,1,905,123,3,0.47,0,1,1,622,905,1,155,905,1,371,248,93,0,1.3,0,0,0,0,0,0,1,371,1.3,0,248
100682910401.00,546161,163418,545765,163568,453.4,45.34,1,1,603,120,3,0.47,0,1,1,417,603,1,87,603,0,0,0,0,0,0,0,0,0,0,0,0,0,0,0,0,0
100682910301.00,546161,163418,545765,163568,479.36,47.936,1,1,603,120,3,0.47,0,1,1,417,603,1,87,603,0,0,0,0,0,0,0,0,0,0,0,0,0,0,0,0,0
110710910301.00,546168,166397,546442,166282,302.82,30.282,1,1,1136,332,2,0.47,0,1,1,610,833,1,249,1136,0,0,0,0,0,0,0,0,0,0,0,0,0,0,0,0,0
100810510201.00,546359,167955,546979,167836,251.79,25.179,1,1,979,161,2,0.47,0,1,1,575,826,1,193,826,1,643,420,219,0,1.3,0,0,0,0,0,0,1,643,1.3,0,420
110782710602.00,546583,165925,545567,166473,305,30.5,1,1,1877,286,2,0.47,0,1,1,1100,1463,1,385,1463,1,1107,994,82,0,1.3,0,0,0,0,0,0,1,1107,1.3,0,994
110441610101.00,547998,171043,547330,170990,170.18,17.018,1,1,1117,233,1,0.47,0,1,1,843,1117,1,327,1183,1,676,584,120,0,1.3,0,0,0,0,0,0,1,676,1.3,0,584
100682910501.00,546161,163418,545765,163568,479.36,47.936,1,1,603,120,3,0.47,0,1,1,417,603,1,87,603,0,0,0,0,0,0,0,0,0,0,0,0,0,0,0,0,0
100682910202.00,545765,163568,546161,163418,490.95,49.095,1,1,603,129,3,0.47,0,1,1,540,603,1,269,603,1,616,389,222,0,1.3,0,0,0,0,0,0,1,616,1.3,0,389