ttrip_id,expan_fac,expan_fac/10,av1,autodis,autotime,num_cars,parking_fare,congcharg,av2,av3,walktime,walkdis,av4,biketime,bikedis,av5,bus_transittime,bus_transitwalktime,bus_transitinvehtime,bus_transitnumtransfers,bus_fare,av6,rail_transittime,rail_transitwalktime,rail_transitinvehtime,rail_transitnumtransfers,rail_fare,av8,pnk_transittime,pnk_fare,pnk_transitnumtransfers,pnk_transitwalktime,expan_fac,avdis,avtime,avptdis,avpttime,avptwalkdis,avptWalkTime,avptInVehDis,avptInVehTime,avptNumSteps,avptTransitLineNames
50420310101,404.29,40.429,1,22704,2804,1,3.34,1,1,1,14180,18914,1,4041,19708,0,0,0,0,0,0,1,2946,1029,1920,0,4.15,1,2946,4.15,0,1029,404.29,9871,1198,20691,1894,194,167,20497,1440,2,southeastern/141/
50662510301,770.44,77.044,1,29875,4288,2,3.04,1,1,1,20775,28293,1,6171,31725,0,0,0,0,0,0,1,3727,422,2940,1,4.85,1,3727,4.85,1,422,770.44,11449,1074,22499,1972,227,172,22272,1800,1,southeastern/
50690310201,191.12,19.112,1,27514,4148,2,3.04,1,1,1,16394,21854,1,4737,24038,0,0,0,0,0,0,1,3462,1303,2160,0,4.15,1,3462,4.15,0,1303,191.12,4000,546,23970,2609,339,350,23631,1980,2,southeastern/District/
50693510201,501.14,50.114,1,23037,3223,2,3.04,1,1,1,14559,19504,1,4156,21475,0,0,0,0,0,0,1,3571,1191,1945,1,4.15,1,3571,4.15,1,1191,501.14,7343,881,22687,2104,415,304,22272,1800,1,southeastern/
50693910401,742.06,74.206,1,34249,4073,3,3.04,0,1,1,20182,26729,1,5808,28614,0,0,0,0,0,0,1,4270,789,2987,1,2.7,1,4270,2.7,1,789,742.06,5412,670,27616,3359,381,304,27235,2300,3,southeastern/Jubilee/98/
50711110201,393.2,39.32,1,28834,3911,1,1.15,0,1,1,19486,26186,1,5660,28556,0,0,0,0,0,0,1,3580,1077,2100,1,4.85,1,3580,4.85,1,1077,393.2,869,229,27656,3350,888,676,26768,2400,2,southeastern/District/
50711710103,679.34,67.934,1,25150,3585,1,1.52,1,1,1,16829,22556,1,4931,25599,0,0,0,0,0,0,1,2023,778,1260,0,4.85,1,2023,4.85,0,778,679.34,343,111,21714,1918,663,537,21051,1380,1,southeastern/
50713210101,349.82,34.982,1,33173,4173,1,2.46,1,1,1,19416,25967,1,5804,29000,0,0,0,0,0,0,1,3523,1473,1800,1,4.85,1,3523,4.85,1,1473,349.82,1124,257,24542,2808,738,567,23804,1980,2,southeastern/Northern/
50730910201,654.24,65.424,1,19711,3016,2,1.71,1,1,1,13684,18548,1,3855,19916,0,0,0,0,0,0,1,2945,1075,1860,0,4.15,1,2945,4.15,0,1075,654.24,6004,750,20070,1528,661,508,19409,1020,1,southeastern/
50780910101,674.52,67.452,1,27654,3232,2,3.04,1,1,1,16456,21960,1,4761,24617,0,0,0,0,0,0,1,3218,1293,1920,0,4.15,1,3218,4.15,0,1293,674.52,3939,552,22678,2116,406,316,22272,1800,1,southeastern/
50780910202,495.52,49.552,1,45830,3260,2,3.34,1,1,1,18777,25039,1,5477,26380,0,0,0,0,0,0,1,3111,1458,1200,1,4.85,1,3111,4.85,1,1458,495.52,1811,325,21526,1885,492,278,21034,1200,2,southeastern/Northern/
50781310201,622.53,62.253,1,22474,3506,1,3.34,1,1,1,15094,20232,1,4240,21646,0,0,0,0,0,0,1,2717,796,1920,0,4.15,1,2717,4.15,0,796,622.53,3474,473,20536,1874,292,251,20244,1335,2,southeastern/141/
50801410101,766.46,76.646,1,26588,2947,1,3.34,1,1,1,17281,23073,1,5141,25215,0,0,0,0,0,0,1,3609,949,2070,2,4.85,1,3609,4.85,2,949,766.46,4197,637,20813,1984,73,73,20740,1590,2,southeastern/141/
50802710201,536.78,53.678,1,26613,2864,1,3.34,1,1,1,17625,23535,1,5284,25915,0,0,0,0,0,0,1,3286,1053,1512,2,4.85,1,3286,4.85,2,1053,536.78,2798,426,21035,2153,538,426,20497,1440,2,southeastern/141/
50803510201,598.34,59.834,1,31869,3829,0,2.46,1,1,1,20127,26839,1,6402,31616,0,0,0,0,0,0,1,4125,766,2760,2,4.85,1,4125,4.85,2,766,598.34,3774,646,24863,2804,535,440,24328,2100,2,southeastern/Northern/
60422510101,411.51,41.151,1,20958,3513,1,3.04,0,1,1,15013,20083,1,3929,20684,0,0,0,0,0,0,1,4266,927,3003,1,4.15,1,4266,4.15,1,927,411.51,9656,1197,24553,2756,492,356,24061,2400,1,southeastern/
60422510201,418.84,41.884,1,20958,3513,1,3.04,0,1,1,15013,20083,1,3929,20684,0,0,0,0,0,0,1,4266,927,3003,1,4.15,1,4266,4.15,1,927,418.84,9656,1197,24553,2756,492,356,24061,2400,1,southeastern/
60441610101,845.36,84.536,1,22750,3184,2,3.34,1,1,1,15587,20653,1,4545,21848,0,0,0,0,0,0,1,4090,254,3360,1,4.15,1,4090,4.15,1,254,845.36,7196,1024,21399,2435,405,370,20994,1740,2,southeastern/17/
60653010301,529.76,52.976,1,30581,4552,3,3.04,0,1,1,16961,22427,1,5011,23751,0,0,0,0,0,0,1,3244,784,2160,1,3.35,1,3244,3.35,1,784,529.76,8716,1033,26307,2976,384,314,25923,2340,2,southeastern/Bakerloo/
60672810102,388.76,38.876,1,26202,3723,1,1.52,1,1,1,17127,22766,1,4907,24586,0,0,0,0,0,0,1,3283,1135,1560,1,4.85,1,3283,4.85,1,1135,388.76,1044,235,23692,2414,545,522,23147,1620,2,southeastern/South West Trains/
60672910101,321.28,32.128,1,25993,3931,2,2.46,1,1,1,17502,23460,1,4988,25487,0,0,0,0,0,0,1,3670,838,2150,2,4.85,1,3670,4.85,2,838,321.28,2938,431,23089,2480,494,440,22595,1800,2,southeastern/59/
60672910201,373.6,37.36,1,25993,3931,2,2.46,1,1,1,17502,23460,1,4988,25487,0,0,0,0,0,0,1,3670,838,2150,2,4.85,1,3670,4.85,2,838,373.6,2938,431,23089,2480,494,440,22595,1800,2,southeastern/59/
60690110201,518.59,51.859,1,28619,3537,1,3.04,1,1,1,17349,23080,1,5264,26447,0,0,0,0,0,0,1,3311,1118,1740,1,4.15,1,3311,4.15,1,1118,518.59,4069,574,24381,2276,595,540,23786,1380,2,southeastern/Jubilee/
60690210101,372.84,37.284,1,22454,2307,1,1.24,0,1,1,15001,20255,1,4473,22147,0,0,0,0,0,0,1,4035,1214,2460,1,2.7,1,4035,2.7,1,1214,372.84,4018,548,21583,2878,1059,904,20524,1470,2,southeastern/RV1/
60730610201,483.36,48.336,1,22305,3519,1,3.04,1,1,1,15212,20216,1,4745,23104,0,0,0,0,0,0,1,3817,1223,2580,0,4.15,1,3817,4.15,0,1223,483.36,6001,760,23005,2379,733,579,22272,1800,1,southeastern/
60781110201,396.43,39.643,1,25638,3029,4,3.34,1,1,1,15831,21250,1,4652,23494,0,0,0,0,0,0,1,3079,808,1980,1,4.15,1,3079,4.15,1,808,396.43,2879,389,21808,2092,774,479,21034,1200,2,southeastern/Northern/
60800710101,363.78,36.378,1,29812,4441,0,3.04,1,1,1,19823,26266,1,6090,29551,0,0,0,0,0,0,1,4055,1507,2258,1,4.85,1,4055,4.85,1,1507,363.78,3976,607,25554,2336,618,498,24936,1500,2,southeastern/Jubilee/
60810510101,373.27,37.327,1,29774,3631,1,3.04,1,1,1,17840,23699,1,5433,27063,0,0,0,0,0,0,1,2865,807,1680,1,4.85,1,2865,4.85,1,807,373.27,5208,681,24011,2813,804,630,23207,1920,2,southeastern/Northern/
60811310201,370.67,37.067,1,26351,2980,1,1.98,1,1,1,17507,23299,1,5293,26010,0,0,0,0,0,0,1,4029,1154,2880,0,4.85,1,4029,4.85,0,1154,370.67,7181,848,22517,2930,989,785,21528,1800,2,southeastern/521/
70662010101,1156.46,115.646,1,29620,3953,2,1.71,1,1,1,20336,27878,1,5844,31175,0,0,0,0,0,0,1,4117,1058,2700,1,4.85,1,4117,4.85,1,1058,1156.46,12407,1163,21817,1988,766,606,21051,1380,1,southeastern/
70670410201,421.78,42.178,1,24478,3676,2,3.04,1,1,1,15059,20092,1,4222,22094,0,0,0,0,0,0,1,4543,997,2594,1,4.15,1,4543,4.15,1,997,421.78,4636,650,26704,2741,522,409,26182,1560,3,southeastern/Jubilee/Victoria/
70681110201,843.54,84.354,1,49218,3947,2,2.46,0,1,1,21289,28549,1,6519,32563,0,0,0,0,0,0,1,3811,794,2760,1,4.85,1,3811,4.85,1,794,843.54,2695,405,24706,2691,378,326,24328,2100,2,southeastern/Northern/
70681410301,600.31,60.031,1,58911,4497,1,3.04,0,1,1,21206,28214,1,7024,33843,0,0,0,0,0,0,1,3525,1521,1620,1,4.85,1,3525,4.85,1,1521,600.31,1611,295,27463,2595,768,585,26695,1680,2,southeastern/Jubilee/
70682310101,391.05,39.105,1,26444,3890,2,1.71,1,1,1,17720,23815,1,5121,25688,0,0,0,0,0,0,1,2712,1750,960,0,4.85,1,2712,4.85,0,1750,391.05,2273,445,19767,1278,358,258,19409,1020,1,southeastern/
70691910101,264.59,26.459,1,17271,2144,2,1.71,0,1,1,11735,15901,1,3262,16914,0,0,0,0,0,0,1,3584,1369,1740,1,2.7,1,3584,2.7,1,1369,264.59,6467,787,16697,2725,495,392,16202,2045,2,southeastern/53/
70692910101,329.05,32.905,1,22278,2679,2,1.98,1,1,1,14451,19320,1,4068,19754,0,0,0,0,0,0,1,2998,891,1800,1,4.15,1,2998,4.15,1,891,329.05,6980,906,21629,1948,595,341,21034,1200,2,southeastern/Northern/
70711310101,455.78,45.578,1,28832,3428,1,2.46,1,1,1,18196,24195,1,5654,27300,0,0,0,0,0,0,1,3536,339,2605,2,4.85,1,3536,4.85,2,339,455.78,2258,444,22275,2530,171,148,22104,2040,2,southeastern/521/
70780510201,343.96,34.396,1,21595,3731,2,3.34,1,1,1,15253,20274,1,4696,23490,0,0,0,0,0,0,1,3910,1570,2340,0,4.15,1,3910,4.15,0,1570,343.96,5258,687,21861,2360,175,153,21686,1860,2,southeastern/521/
70780510301,399.54,39.954,1,21202,3441,2,1.52,1,1,1,14554,19470,1,4353,22182,0,0,0,0,0,0,1,3062,741,2084,1,4.15,1,3062,4.15,1,741,399.54,5258,687,21741,1944,690,563,21051,1380,1,southeastern/
70781310101,637.26,63.726,1,25413,3661,1,3.04,1,1,1,16322,21781,1,4589,23790,0,0,0,0,0,0,1,3787,1629,2160,0,4.15,1,3787,4.15,0,1629,637.26,2518,343,23176,2357,949,742,22227,1260,2,southeastern/Jubilee/
70781510301,1075.62,107.562,1,27897,3313,2,3.04,1,1,1,16637,22215,1,4965,25630,0,0,0,0,0,0,1,2384,467,1920,0,4.15,1,2384,4.15,0,467,1075.62,2988,410,22272,1800,0,0,22272,1800,1,southeastern/
70781610101,295.42,29.542,1,30322,3964,0,3.04,1,1,1,18242,24313,1,5509,27407,0,0,0,0,0,0,1,3535,1079,2160,1,4.15,1,3535,4.15,1,1079,295.42,2499,356,24326,2811,525,452,23801,2040,2,southeastern/Bakerloo/
70781610201,324.81,32.481,1,29403,3660,0,3.04,1,1,1,17726,23593,1,5278,26818,0,0,0,0,0,0,1,3456,1098,2040,1,4.15,1,3456,4.15,1,1098,324.81,2499,356,23472,2732,629,471,22843,1920,2,southeastern/Bakerloo/
80423010201,398.27,39.827,1,27755,3656,0,3.04,1,1,1,16346,21657,1,4944,24169,0,0,0,0,0,0,1,4291,1766,2100,1,4.15,1,4291,4.15,1,1766,398.27,9683,1164,25859,2533,923,692,24936,1500,2,southeastern/Jubilee/
80462210401,679.65,67.965,1,22584,3425,3,3.04,1,1,1,14155,18806,1,4220,21192,0,0,0,0,0,0,1,3188,1506,1680,0,4.15,1,3188,4.15,0,1506,679.65,11678,1199,22765,2190,493,390,22272,1800,1,southeastern/
80651310101,513.53,51.353,1,23378,3376,2,3.04,0,1,1,15170,20168,1,4339,21693,0,0,0,0,0,0,1,3195,1270,1920,0,4.15,1,3195,4.15,0,1270,513.53,5944,731,24464,2705,403,305,24061,2400,1,southeastern/
80671610101,824.72,82.472,1,24772,3676,0,1.52,1,1,1,16447,22200,1,4848,24917,0,0,0,0,0,0,1,3058,417,1956,1,4.85,1,3058,4.85,1,417,824.72,2966,430,21466,1756,415,376,21051,1380,1,southeastern/
80680910201,322.12,32.212,1,48871,4017,1,2.46,0,1,1,21116,28254,1,6489,32114,0,0,0,0,0,0,1,3463,522,2436,2,4.85,1,3463,4.85,2,522,322.12,2467,394,25125,2640,272,225,24853,2160,2,southeastern/Northern/
80681110101,298.4,29.84,1,46258,3808,1,1.98,0,1,1,20481,27406,1,6470,32084,0,0,0,0,0,0,1,3815,2039,1380,1,4.85,1,3815,4.85,1,2039,298.4,2187,352,25343,2669,931,652,24412,1620,2,southeastern/Northern/
80681910201,555.62,55.562,1,30954,3426,1,3.34,1,1,1,18672,24952,1,5704,28381,0,0,0,0,0,0,1,3661,2334,1320,0,4.85,1,3661,4.85,0,2334,555.62,2023,383,24271,2795,503,469,23768,1980,2,southeastern/District/
80690110101,360.57,36.057,1,22208,2664,1,3.34,1,1,1,13893,18570,1,3955,19074,0,0,0,0,0,0,1,3592,1424,1805,1,4.15,1,3592,4.15,1,1424,360.57,7939,959,21122,2221,203,187,20919,1680,2,southeastern/521/
80690110201,295.43,29.543,1,25585,3417,1,3.04,1,1,1,15623,20795,1,4686,22916,0,0,0,0,0,0,1,3419,1143,1980,1,4.15,1,3419,4.15,1,1143,295.43,7939,959,24248,2749,447,390,23801,2040,2,southeastern/Bakerloo/
80690910201,532.44,53.244,1,19847,2083,2,1.24,0,1,1,13080,17640,1,3693,18412,0,0,0,0,0,0,1,4128,1289,2125,2,2.7,1,4128,2.7,2,1289,532.44,7470,901,21213,2599,689,624,20524,1470,2,southeastern/RV1/
80690910301,529.63,52.963,1,24531,3782,2,3.04,1,1,1,15750,20946,1,4669,23621,0,0,0,0,0,0,1,4245,1170,2220,2,4.15,1,4245,4.15,2,1170,529.63,7470,901,24374,2849,573,483,23801,2040,2,southeastern/Bakerloo/
80691910301,712.64,71.264,1,28515,3970,2,1.15,0,1,1,19166,25414,1,5635,26832,0,0,0,0,0,0,1,5095,1192,3265,2,4.85,1,5095,4.85,2,1192,712.64,6508,895,28518,3720,1105,911,27413,2520,2,southeastern/District/
80711010101,485.86,48.586,1,29419,3438,2,2.46,1,1,1,18652,24843,1,5540,27579,0,0,0,0,0,0,1,3431,1286,1800,1,4.85,1,3431,4.85,1,1286,485.86,1707,395,22981,2402,378,347,22603,1800,2,southeastern/171/
80711410201,249.3,24.93,1,26172,2931,1,1.24,0,1,1,17233,23112,1,5326,26375,0,0,0,0,0,0,1,3271,1518,1443,1,4.85,1,3271,4.85,1,1518,249.3,1761,380,21348,2466,551,482,20797,1470,2,southeastern/40/
80712710101,306.11,30.611,1,25894,4230,1,3.34,1,1,1,18121,24275,1,5474,27339,0,0,0,0,0,0,1,3876,1494,1928,1,4.85,1,3876,4.85,1,1494,306.11,2034,338,21902,2469,374,319,21528,1800,2,southeastern/521/
80712710201,298.45,29.845,1,25185,4036,1,3.34,1,1,1,18132,24306,1,5486,27310,0,0,0,0,0,0,1,3785,1495,1842,1,4.85,1,3785,4.85,1,1495,298.45,2034,338,21629,2403,376,318,21253,1740,2,southeastern/521/
80780210201,381.04,38.104,1,20523,3562,2,2.46,1,1,1,14631,19448,1,4566,22806,0,0,0,0,0,0,1,3050,463,2580,0,4.15,1,3050,4.15,0,463,381.04,6156,741,21976,2509,448,359,21528,1800,2,southeastern/521/
80781010401,339.64,33.964,1,27174,3961,3,3.04,0,1,1,18530,24636,1,5403,27274,0,0,0,0,0,0,1,3897,952,2556,1,4.15,1,3897,4.15,1,952,339.64,3269,452,26684,3966,490,376,26194,3188,2,southeastern/9/
80781110101,441.91,44.191,1,23819,2566,1,3.34,1,1,1,14384,19364,1,4088,20654,0,0,0,0,0,0,1,3031,906,1693,1,4.15,1,3031,4.15,1,906,441.91,3529,525,21024,2478,349,329,20675,1620,2,southeastern/RV1/
80781110201,497.91,49.791,1,23819,2566,1,3.34,1,1,1,14384,19364,1,4088,20654,0,0,0,0,0,0,1,3031,906,1693,1,4.15,1,3031,4.15,1,906,497.91,3529,525,21024,2478,349,329,20675,1620,2,southeastern/RV1/
80781510101,352.98,35.298,1,29235,3511,1,2.46,1,1,1,18052,24081,1,5412,27077,0,0,0,0,0,0,1,3761,1106,2412,1,4.15,1,3761,4.15,1,1106,352.98,3221,445,23955,2778,532,458,23423,2088,2,southeastern/168/
80801810201,313.35,31.335,1,28754,3607,1,1.98,1,1,1,19986,26733,1,6342,31336,0,0,0,0,0,0,1,3785,811,2140,2,4.85,1,3785,4.85,2,811,313.35,3484,541,24466,2524,1068,612,23398,1500,2,southeastern/Northern/
80803210201,431.34,43.134,1,24175,3446,0,3.04,1,1,1,17337,23147,1,5091,25491,0,0,0,0,0,0,1,4483,1463,2460,1,4.85,1,4483,4.85,1,1463,431.34,5662,834,23160,2368,933,753,22227,1260,2,southeastern/Jubilee/
80811310101,434.56,43.456,1,28605,3223,1,3.04,1,1,1,17553,23411,1,4878,24181,0,0,0,0,0,0,1,2552,1113,1440,0,4.85,1,2552,4.85,0,1113,434.56,5643,822,24524,2764,463,364,24061,2400,1,southeastern/
80811310201,469.11,46.911,1,20721,2486,1,1.71,0,1,1,14274,19178,1,3915,20476,0,0,0,0,0,0,1,4134,1648,1899,1,2.95,1,4134,2.95,1,1648,469.11,5643,822,21034,2219,1625,1198,19409,1020,1,southeastern/
80811410101,349.53,34.953,1,25174,2805,1,3.34,1,1,1,16665,22253,1,4813,23521,0,0,0,0,0,0,1,4130,1490,2640,0,4.85,1,4130,4.85,0,1490,349.53,5686,846,20975,2119,264,228,20711,1530,2,southeastern/521/
90441310101,391.46,39.146,1,25382,2692,1,3.34,1,1,1,15001,20105,1,4398,21219,0,0,0,0,0,0,1,3932,1812,1845,1,4.85,1,3932,4.85,1,1812,391.46,8061,1128,20354,1787,945,767,19409,1020,1,southeastern/
90650910301,572.93,57.293,1,15662,2558,3,1.71,0,1,1,10765,14547,1,3094,15682,0,0,0,0,0,0,1,3339,1653,1440,1,2.7,1,3339,2.7,1,1653,572.93,6712,863,22544,2185,1078,813,21466,1080,2,southeastern/Jubilee/
90670610101,339.72,33.972,1,25758,4552,1,3.04,0,1,1,17791,23435,1,5258,25690,0,0,0,0,0,0,1,4150,699,2463,2,4.15,1,4150,4.15,2,699,339.72,5721,753,27016,2293,321,261,26695,1680,2,southeastern/Jubilee/
90671610201,278.03,27.803,1,24595,3534,2,1.71,1,1,1,16257,21937,1,4790,24833,0,0,0,0,0,0,1,3095,1393,1461,1,4.85,1,3095,4.85,1,1393,278.03,1946,356,20446,1908,124,124,20322,1548,2,southeastern/381/
90672310101,179.86,17.986,1,25930,2788,2,1.24,0,1,1,16635,22536,1,4766,23797,0,0,0,0,0,0,1,4152,1329,1985,3,2.95,1,4152,2.95,3,1329,179.86,2139,392,21796,3048,1272,1074,20524,1470,2,southeastern/RV1/
90673010102,223.94,22.394,1,28025,3219,1,3.04,1,1,1,17779,23723,1,5219,26315,0,0,0,0,0,0,1,3724,2090,1620,0,4.85,1,3724,4.85,0,2090,223.94,2913,433,22589,2324,436,408,22153,1680,2,southeastern/59/
90680110201,302.34,30.234,1,27685,3598,1,0.55,0,1,1,19615,26170,1,5723,29904,0,0,0,0,0,0,1,5080,1199,3096,2,2.95,1,5080,2.95,2,1199,302.34,3304,492,29394,3727,719,662,28675,2340,3,southeastern/South West Trains/319/
90680710301,331.77,33.177,1,45904,3279,3,3.34,1,1,1,18927,25251,1,5443,26651,0,0,0,0,0,0,1,4061,1291,2405,1,4.85,1,4061,4.85,1,1291,331.77,3268,511,20993,2100,74,73,20919,1680,2,southeastern/521/
90681210201,349.87,34.987,1,49950,4178,2,3.04,1,1,1,19977,26615,1,6061,29684,0,0,0,0,0,0,1,3582,565,1877,2,4.85,1,3582,4.85,2,565,349.87,2540,414,25530,2302,594,456,24936,1500,2,southeastern/Jubilee/
90681910102,302.34,30.234,1,29913,4006,1,1.15,0,1,1,19269,25614,1,5572,27308,0,0,0,0,0,0,1,3156,1120,1688,1,4.85,1,3156,4.85,1,1120,302.34,4248,606,26129,2947,321,322,25808,2008,3,southeastern/Jubilee/14/
90690910101,496.89,49.689,1,20701,3428,1,3.34,1,1,1,14161,18909,1,4371,21426,0,0,0,0,0,0,1,3736,1395,2340,0,4.15,1,3736,4.15,0,1395,496.89,6877,915,21579,2598,585,533,20994,1740,2,southeastern/17/
90711210201,266.78,26.678,1,33287,4282,1,3.04,1,1,1,19022,25423,1,5639,28352,0,0,0,0,0,0,1,4029,1225,1802,2,4.85,1,4029,4.85,2,1225,266.78,3583,489,25454,2235,518,389,24936,1500,2,southeastern/Jubilee/
90761110201,615.72,61.572,1,22568,2731,2,2.46,1,1,1,13841,18449,1,4271,20890,0,0,0,0,0,0,1,3678,1202,1947,2,3.35,1,3678,3.35,2,1202,615.72,8461,989,23364,2568,449,411,22915,1920,2,southeastern/X68/
90780810201,611.09,61.109,1,22995,3634,1,3.34,1,1,1,15513,20769,1,4456,22497,0,0,0,0,0,0,1,3013,1085,1920,0,4.15,1,3013,4.15,0,1085,611.09,3359,465,21184,2777,555,436,20629,2340,1,southeastern/
90781210101,670.57,67.057,1,21632,2854,1,1.71,1,1,1,14783,19970,1,4180,21103,0,0,0,0,0,0,1,3025,1647,1380,0,4.15,1,3025,4.15,0,1647,670.57,3363,459,19987,1485,578,465,19409,1020,1,southeastern/
90781210201,585.09,58.509,1,25990,3093,1,1.98,1,1,1,16717,22375,1,5063,25322,0,0,0,0,0,0,1,4150,1499,2296,1,4.15,1,4150,4.15,1,1499,585.09,3363,459,22043,2562,515,417,21528,1800,2,southeastern/521/
90781710101,611.09,61.109,1,22799,3589,1,3.34,1,1,1,15379,20612,1,4348,22059,0,0,0,0,0,0,1,2743,823,1920,0,4.15,1,2743,4.15,0,823,611.09,3212,447,20554,1886,310,264,20244,1335,2,southeastern/141/
90800310201,267.25,26.725,1,28936,4058,1,3.04,1,1,1,18810,24979,1,5791,28668,0,0,0,0,0,0,1,3896,1530,1980,1,4.85,1,3896,4.85,1,1530,267.25,5514,805,24306,2223,520,486,23786,1380,2,southeastern/Jubilee/
90802610101,499.28,49.928,1,33382,4008,1,3.04,1,1,1,20845,27580,1,6237,30478,0,0,0,0,0,0,1,5088,1132,2820,2,4.85,1,5088,4.85,2,1132,499.28,4199,616,26656,2915,422,340,26234,1920,3,southeastern/Jubilee/23/
1.00422E+11,259.97,25.997,1,21412,2307,0,1.71,1,1,1,12865,17356,1,3622,18272,0,0,0,0,0,0,1,3206,1888,1320,0,4.15,1,3206,4.15,0,1888,259.97,9446,1113,20462,1787,1053,767,19409,1020,1,southeastern/
1.00423E+11,263.86,26.386,1,28041,3541,1,3.04,1,1,1,16647,22135,1,4716,23585,0,0,0,0,0,0,1,3853,1661,1680,1,4.15,1,3853,4.15,1,1661,263.86,9760,1149,24578,2404,792,669,23786,1380,2,southeastern/Jubilee/
1.00424E+11,324.15,32.415,1,26678,3317,1,3.34,1,1,1,15297,20325,1,4900,23798,0,0,0,0,0,0,1,3856,398,2733,2,4.15,1,3856,4.15,2,398,324.15,8197,1140,21875,2372,189,164,21686,1860,2,southeastern/521/
1.00442E+11,353.12,35.312,1,19302,1966,2,1.71,0,1,1,11460,15513,1,3134,16316,1,5408,1560,3628,1,1.3,1,3991,680,1953,2,2.7,1,4699.5,2,1.5,1120,353.12,8073,1117,23118,2585,844,549,22274,1260,2,southeastern/Southern/
1.0066E+11,556.05,55.605,1,30130,4425,1,3.04,1,1,1,20761,28232,1,6198,31748,0,0,0,0,0,0,1,4431,1190,2880,1,4.85,1,4431,4.85,1,1190,556.05,11332,1112,23071,2420,799,619,22272,1800,1,southeastern/
1.0066E+11,369.38,36.938,1,29294,4385,3,3.04,1,1,1,20510,27652,1,6518,32109,0,0,0,0,0,0,1,3963,557,2700,2,4.85,1,3963,4.85,2,557,369.38,11296,1132,24255,2161,469,424,23786,1380,2,southeastern/Jubilee/
1.00661E+11,513.51,51.351,1,25929,3547,2,1.52,1,1,1,18805,25503,1,5506,29129,0,0,0,0,0,0,1,4568,677,2700,2,4.85,1,4568,4.85,2,677,513.51,11577,1094,23941,2574,794,682,23147,1620,2,southeastern/South West Trains/
1.00663E+11,440.9,44.09,1,30655,4465,2,2.46,1,1,1,21273,28764,1,6679,33243,0,0,0,0,0,0,1,5554,815,4080,1,4.85,1,5554,4.85,1,815,440.9,12305,1251,21744,2343,216,193,21528,1800,2,southeastern/521/
1.00664E+11,508.28,50.828,1,25893,3563,1,1.52,0,1,1,18666,25419,1,5590,28892,0,0,0,0,0,0,1,4689,582,3207,2,2.95,1,4689,2.95,2,582,508.28,12008,1305,23594,2310,447,418,23147,1620,2,southeastern/South West Trains/
1.00681E+11,259.45,25.945,1,31267,4244,1,1.15,0,1,1,21454,28731,1,6327,32510,0,0,0,0,0,0,1,5376,1355,3540,1,2.95,1,5376,2.95,1,1355,259.45,2485,398,30576,4001,743,598,29833,3000,2,southeastern/District/
1.0069E+11,763.02,76.302,1,19243,2981,2,1.71,1,1,1,13503,18187,1,3912,20455,0,0,0,0,0,0,1,2847,1345,1500,0,4.15,1,2847,4.15,0,1345,763.02,7251,890,21925,2075,874,693,21051,1380,1,southeastern/
1.0069E+11,639.72,63.972,1,25305,3794,2,3.04,0,1,1,15327,20526,1,4136,21383,0,0,0,0,0,0,1,2714,475,1886,1,4.15,1,2714,4.15,1,475,639.72,7251,890,24165,2475,104,75,24061,2400,1,southeastern/
1.00691E+11,814.76,81.476,1,27309,3106,1,2.46,1,1,1,16961,22531,1,5255,25606,0,0,0,0,0,0,1,3917,417,2829,2,4.15,1,3917,4.15,2,417,814.76,6367,751,22544,2627,176,150,22368,2130,2,southeastern/521/
1.0071E+11,243.98,24.398,1,26447,4152,1,3.34,1,1,1,17932,24022,1,5225,25926,0,0,0,0,0,0,1,3300,1186,2100,0,4.85,1,3300,4.85,0,1186,243.98,1080,249,21057,2178,346,286,20711,1530,2,southeastern/521/
1.00712E+11,469.37,46.937,1,32691,4000,1,3.04,1,1,1,20298,27028,1,6409,31616,0,0,0,0,0,0,1,3803,1535,1860,1,4.85,1,3803,4.85,1,1535,469.37,1386,262,24820,3031,1016,790,23804,1980,2,southeastern/Northern/
1.00714E+11,212.99,21.299,1,32103,3962,1,2.46,0,1,1,21148,28224,1,6363,31425,0,0,0,0,0,0,1,4117,1723,1920,1,2.95,1,4117,2.95,1,1723,212.99,1332,248,26593,3208,870,495,25723,1948,3,southeastern/Northern/390/
1.0076E+11,619.57,61.957,1,21104,2502,2,3.34,1,1,1,13452,18093,1,3743,18965,0,0,0,0,0,0,1,3105,1510,1140,1,3.35,1,3105,3.35,1,1510,619.57,8565,1079,21170,2223,430,353,20740,1590,2,southeastern/141/
1.00761E+11,367.3,36.73,1,18851,2443,1,0.84,1,1,1,13407,18064,1,3894,19065,0,0,0,0,0,0,1,3540,630,1992,2,4.15,1,3540,4.15,2,630,367.3,7834,916,21968,2172,934,564,21034,1200,2,southeastern/Northern/
1.00761E+11,330.58,33.058,1,25011,3985,1,2.46,0,1,1,16443,21857,1,5014,24424,0,0,0,0,0,0,1,4018,389,2712,2,2.7,1,4018,2.7,2,389,330.58,7834,916,27482,2686,567,348,26915,1920,2,southeastern/Northern/
1.00802E+11,483.25,48.325,1,31653,3723,0,3.04,1,1,1,19969,26594,1,6102,30500,0,0,0,0,0,0,1,3428,540,2170,2,4.85,1,3428,4.85,2,540,483.25,3200,480,24388,2282,602,546,23786,1380,2,southeastern/Jubilee/
1.00802E+11,420.39,42.039,1,30355,3442,1,3.04,1,1,1,19113,25429,1,5891,29146,0,0,0,0,0,0,1,3568,1436,1740,1,4.85,1,3568,4.85,1,1436,420.39,2309,398,23223,2550,951,750,22272,1800,1,southeastern/
1.00802E+11,638.23,63.823,1,24196,2321,1,1.24,0,1,1,15805,21318,1,4705,22953,0,0,0,0,0,0,1,4810,1569,2820,1,2.95,1,4810,2.95,1,1569,638.23,5290,650,21583,2878,1059,903,20524,1470,2,southeastern/RV1/
1.00811E+11,640.69,64.069,1,27405,3292,1,3.04,1,1,1,17006,22703,1,5085,25437,0,0,0,0,0,0,1,3608,797,2209,1,4.85,1,3608,4.85,1,797,640.69,4646,611,22884,2284,612,484,22272,1800,1,southeastern/
1.1042E+11,308.86,30.886,1,21450,3322,2,3.34,1,1,1,14044,18685,1,4303,21344,0,0,0,0,0,0,1,4177,1567,2240,1,4.15,1,4177,4.15,1,1567,308.86,10035,1225,23865,2837,170,148,23695,2416,2,southeastern/15/
1.1065E+11,602.94,60.294,1,22268,3429,0,3.04,1,1,1,14092,18723,1,4020,20560,0,0,0,0,0,0,1,2565,754,1440,1,4.15,1,2565,4.15,1,754,602.94,6352,771,24612,2824,551,424,24061,2400,1,southeastern/
1.1066E+11,462.92,46.292,1,28759,3842,1,1.71,1,1,1,19599,26747,1,5767,29848,0,0,0,0,0,0,1,4320,1565,2400,1,4.85,1,4320,4.85,1,1565,462.92,12349,1269,20448,1785,1039,765,19409,1020,1,southeastern/
1.10661E+11,301.42,30.142,1,28234,3876,2,1.24,0,1,1,19250,26204,1,5869,29408,0,0,0,0,0,0,1,4415,1534,2525,1,4.85,1,4415,4.85,1,1534,301.42,12135,1143,20997,2219,1588,1199,19409,1020,1,southeastern/
1.10662E+11,442.47,44.247,1,29842,4337,4,3.34,1,1,1,21074,28406,1,6057,31658,0,0,0,0,0,0,1,4248,791,2820,2,4.85,1,4248,4.85,2,791,442.47,11945,1235,21058,2180,561,452,20497,1440,2,southeastern/141/
1.10663E+11,378.81,37.881,1,28808,3893,1,3.04,1,1,1,20170,27580,1,5872,30913,0,0,0,0,0,0,1,4756,1363,2640,2,4.85,1,4756,4.85,2,1363,378.81,12293,1188,23161,2367,934,752,22227,1260,2,southeastern/Jubilee/
1.10672E+11,406.68,40.668,1,26266,4305,1,3.04,1,1,1,18179,24090,1,5359,26416,0,0,0,0,0,0,1,3754,671,2376,2,4.15,1,3754,4.15,2,671,406.68,4057,546,27473,2649,778,618,26695,1680,2,southeastern/Jubilee/
1.10681E+11,604.93,60.493,1,45460,3245,1,3.34,1,1,1,19177,25724,1,5711,27986,0,0,0,0,0,0,1,3752,1954,1530,1,4.85,1,3752,4.85,1,1954,604.93,2409,398,21896,2174,862,559,21034,1200,2,southeastern/Northern/
1.1071E+11,420.31,42.031,1,24747,3116,1,1.71,1,1,1,16093,21806,1,4633,23835,0,0,0,0,0,0,1,2347,1404,960,0,4.85,1,2347,4.85,0,1404,420.31,934,199,20351,1711,942,690,19409,1020,1,southeastern/
1.10732E+11,634.61,63.461,1,17736,2654,2,1.71,0,1,1,12368,16796,1,3542,18897,0,0,0,0,0,0,1,3714,974,2496,1,2.7,1,3714,2.7,1,974,634.61,6391,784,21450,2527,705,618,20745,1640,2,southeastern/21/
1.10732E+11,603.3,60.33,1,25299,4009,2,3.04,0,1,1,16945,22501,1,5274,26114,0,0,0,0,0,0,1,3937,781,2880,1,4.15,1,3937,4.15,1,781,603.3,6391,784,24891,2838,563,474,24328,2100,2,southeastern/Northern/
1.1078E+11,353.13,35.313,1,25308,3011,2,3.34,1,1,1,14001,18716,1,4048,19917,0,0,0,0,0,0,1,2976,1234,1740,0,4.15,1,2976,4.15,0,1234,353.13,6240,790,20162,1673,753,653,19409,1020,1,southeastern/
1.10781E+11,345.95,34.595,1,20590,3599,1,3.34,1,1,1,14769,19624,1,4602,22784,0,0,0,0,0,0,1,3436,1096,2340,0,4.15,1,3436,4.15,0,1096,345.95,5723,735,22036,2494,350,287,21686,1860,2,southeastern/521/
1.10781E+11,405.98,40.598,1,26095,2963,0,1.71,1,1,1,15125,20322,1,4635,23462,0,0,0,0,0,0,1,2844,1163,1680,0,4.15,1,2844,4.15,0,1163,405.98,3603,488,20954,2128,239,212,20715,1680,2,southeastern/381/
1.10802E+11,438.62,43.862,1,30542,3331,1,1.98,0,1,1,19499,25868,1,6083,29231,0,0,0,0,0,0,1,3312,722,1872,2,4.85,1,3312,4.85,2,722,438.62,2705,566,24038,2399,640,488,23398,1500,2,southeastern/Northern/
1.20421E+11,375.68,37.568,1,24080,2499,2,0.84,1,1,1,14683,19614,1,4245,20648,0,0,0,0,0,0,1,3688,1019,2401,1,4.15,1,3688,4.15,1,1019,375.68,10021,1242,21432,2603,157,147,21275,1903,2,southeastern/149/
1.20442E+11,407.74,40.774,1,24295,3023,1,3.04,1,1,1,15627,20658,1,4415,22400,0,0,0,0,0,0,1,3185,1101,2040,0,4.15,1,3185,4.15,0,1101,407.74,10111,1337,22622,2080,350,280,22272,1800,1,southeastern/
1.2065E+11,521.17,52.117,1,28018,3635,0,2.46,1,1,1,15189,20235,1,4746,23090,0,0,0,0,0,0,1,3601,1950,1260,1,4.15,1,3601,4.15,1,1950,521.17,6542,799,24207,2562,403,321,23804,1980,2,southeastern/Northern/
1.20651E+11,370.87,37.087,1,25233,2972,2,3.04,1,1,1,15064,20004,1,4560,22502,0,0,0,0,0,0,1,2803,1064,1740,0,4.15,1,2803,4.15,0,1064,370.87,6459,849,23087,2434,815,633,22272,1800,1,southeastern/
1.20651E+11,303.03,30.303,1,22467,2688,1,3.34,1,1,1,13926,18458,1,4032,19333,0,0,0,0,0,0,1,3419,1079,2340,0,4.15,1,3419,4.15,0,1079,303.03,8322,998,21032,2142,113,101,20919,1680,2,southeastern/521/
1.2067E+11,319.38,31.938,1,23809,3398,1,1.52,0,1,1,14243,19122,1,3903,20973,0,0,0,0,0,0,1,3786,627,2434,2,2.7,1,3786,2.7,2,627,319.38,4398,605,23824,2402,1023,660,22801,1440,2,southeastern/Northern/
1.20681E+11,358.73,35.873,1,43604,2683,1,1.24,1,1,1,16986,22963,1,5035,24105,0,0,0,0,0,0,1,3213,2191,1020,0,4.85,1,3213,4.85,0,2191,358.73,1591,289,20328,2245,471,426,19857,1410,2,southeastern/RB1/
1.20681E+11,403.52,40.352,1,43604,2683,1,1.24,1,1,1,16986,22963,1,5035,24105,0,0,0,0,0,0,1,3213,2191,1020,0,4.85,1,3213,4.85,0,2191,403.52,1591,289,20328,2245,471,426,19857,1410,2,southeastern/RB1/
1.20681E+11,299.7,29.97,1,43604,2683,1,1.24,1,1,1,16986,22963,1,5035,24105,0,0,0,0,0,0,1,3213,2191,1020,0,4.85,1,3213,4.85,0,2191,299.7,1591,289,20328,2245,471,426,19857,1410,2,southeastern/RB1/
1.20681E+11,299.7,29.97,1,43604,2683,1,1.24,1,1,1,16986,22963,1,5035,24105,0,0,0,0,0,0,1,3213,2191,1020,0,4.85,1,3213,4.85,0,2191,299.7,1591,289,20328,2245,471,426,19857,1410,2,southeastern/RB1/
1.20682E+11,351.31,35.131,1,29495,3205,2,3.34,1,1,1,18292,24509,1,5420,26479,0,0,0,0,0,0,1,3446,1440,1510,1,4.85,1,3446,4.85,1,1440,351.31,1915,365,21028,2347,324,286,20704,1520,2,southeastern/47/
1.20682E+11,381.25,38.125,1,45132,3157,1,3.34,1,1,1,18811,25197,1,5291,26325,0,0,0,0,0,0,1,3547,1110,1980,1,4.85,1,3547,4.85,1,1110,381.25,3294,518,20846,1991,106,95,20740,1590,2,southeastern/141/
1.20682E+11,338.94,33.894,1,46627,3245,1,3.34,1,1,1,18332,24463,1,5252,25891,0,0,0,0,0,0,1,3767,429,3060,1,4.85,1,3767,4.85,1,429,338.94,3160,491,20803,2500,174,159,20629,2340,1,southeastern/
1.20683E+11,338.94,33.894,1,49395,4019,1,2.46,1,1,1,20757,27722,1,6211,30597,0,0,0,0,0,0,1,3956,938,2760,1,4.85,1,3956,4.85,1,938,338.94,3805,558,24598,2606,270,240,24328,2100,2,southeastern/Northern/
1.2069E+11,546.42,54.642,1,19222,2636,2,1.71,1,1,1,12741,17305,1,3603,18440,1,6097,602,4933,1,1.3,1,3400,2187,1200,0,4.15,1,4748.5,2.725,0.5,1394,546.42,6522,802,20475,1801,1066,781,19409,1020,1,southeastern/
1.20712E+11,548.04,54.804,1,27447,3307,1,1.98,1,1,1,17455,23387,1,4976,24966,0,0,0,0,0,0,1,3713,1367,1800,1,4.85,1,3713,4.85,1,1367,548.04,1314,262,22212,2252,542,347,21670,1260,3,southeastern/Northern/Circle/
1.2076E+11,213.51,21.351,1,20539,2204,2,3.34,1,1,1,12842,17324,1,3626,18311,0,0,0,0,0,0,1,2884,1806,1080,0,3.35,1,2884,3.35,0,1806,213.51,8564,1080,20158,1658,749,637,19409,1020,1,southeastern/
1.20781E+11,465.89,46.589,1,24109,2832,2,0.84,1,1,1,14675,19622,1,4379,21604,0,0,0,0,0,0,1,3396,1567,1380,1,4.15,1,3396,4.15,1,1567,465.89,4918,613,21640,1954,606,346,21034,1200,2,southeastern/Northern/
1.20781E+11,358.16,35.816,1,27970,3244,2,3.04,1,1,1,16623,22228,1,4864,25152,0,0,0,0,0,0,1,3098,1173,1920,0,4.15,1,3098,4.15,0,1173,358.16,3126,445,23067,2385,795,585,22272,1800,1,southeastern/
1.20802E+11,277.12,27.712,1,30840,4157,1,1.15,0,1,1,19838,26709,1,5851,29728,0,0,0,0,0,0,1,4406,1088,2592,2,4.85,1,4406,4.85,2,1088,277.12,2785,446,27631,3338,863,663,26768,2400,2,southeastern/District/
1.20811E+11,1148.03,114.803,1,31530,4057,2,3.04,0,1,1,19988,26638,1,5937,28474,0,0,0,0,0,0,1,4022,1266,2408,1,4.15,1,4022,4.15,1,1266,1148.03,5233,672,28786,2998,413,341,28373,1980,3,southeastern/Jubilee/Circle/
1.20812E+11,505.86,50.586,1,22013,2487,1,1.24,1,1,1,16522,22115,1,5036,23788,0,0,0,0,0,0,1,5261,1660,3000,1,4.85,1,5261,4.85,1,1660,505.86,5579,794,21483,2730,469,369,21014,1800,2,southeastern/149/
1.20812E+11,793.08,79.308,1,24594,3483,1,1.52,1,1,1,16968,22720,1,5179,26154,0,0,0,0,0,0,1,3738,835,2100,1,4.85,1,3738,4.85,1,835,793.08,5372,776,21350,1660,299,279,21051,1380,1,southeastern/
1.30652E+11,645.32,64.532,1,22038,3732,4,2.46,1,1,1,15804,21184,1,4754,24190,0,0,0,0,0,0,1,3738,308,3096,1,4.15,1,3738,4.15,1,308,645.32,4792,627,22107,2611,579,466,21528,1800,2,southeastern/521/
1.3066E+11,410.26,41.026,1,32127,4897,2,3.04,1,1,1,23127,31176,1,7253,35434,0,0,0,0,0,0,1,5229,1311,3209,2,4.85,1,5229,4.85,2,1311,410.26,12697,1329,27177,2412,482,403,26695,1680,2,southeastern/Jubilee/
1.3067E+11,501.86,50.186,1,27461,3968,0,1.15,0,1,1,17241,22912,1,4922,25100,0,0,0,0,0,0,1,4298,1246,2677,1,4.15,1,4298,4.15,1,1246,501.86,4022,552,25524,2708,196,223,25328,1882,3,southeastern/Jubilee/14/
1.3068E+11,459.98,45.998,1,42834,3290,5,1.71,1,1,1,19341,26129,1,5363,28560,0,0,0,0,0,0,1,4856,1991,2559,1,4.85,1,4856,4.85,1,1991,459.98,6041,625,22610,2432,621,483,21989,1648,2,southeastern/59/
1.30681E+11,447.83,44.783,1,49773,4040,1,3.04,1,1,1,19919,26515,1,5952,29401,0,0,0,0,0,0,1,3323,349,2297,2,4.85,1,3323,4.85,2,349,447.83,2573,421,24082,2616,281,257,23801,2040,2,southeastern/Bakerloo/
1.30682E+11,407.59,40.759,1,46877,3421,1,3.34,1,1,1,18867,25224,1,5729,28230,0,0,0,0,0,0,1,3851,639,2394,2,4.85,1,3851,4.85,2,639,407.59,2450,405,23933,2890,238,201,23695,2416,2,southeastern/15/
1.30682E+11,399.03,39.903,1,49189,3861,1,3.04,1,1,1,19801,26408,1,5935,29561,0,0,0,0,0,0,1,3682,846,2122,2,4.85,1,3682,4.85,2,846,399.03,2450,405,23432,2702,589,442,22843,1920,2,southeastern/Bakerloo/
1.30692E+11,287.39,28.739,1,28141,3262,0,3.04,1,1,1,16684,22250,1,4906,24815,0,0,0,0,0,0,1,4138,1079,2718,1,4.15,1,4138,4.15,1,1079,287.39,5929,763,23046,2401,774,601,22272,1800,1,southeastern/
1.30693E+11,308.47,30.847,1,20988,2437,1,3.34,1,1,1,13530,18139,1,3920,18937,0,0,0,0,0,0,1,2994,898,1800,1,4.15,1,2994,4.15,1,898,308.47,7064,920,21089,2357,361,342,20728,1500,2,southeastern/35/
1.30693E+11,423.91,42.391,1,27119,3511,1,2.46,0,1,1,17424,23160,1,5423,26090,0,0,0,0,0,0,1,3742,1072,2220,1,2.7,1,3742,2.7,1,1072,423.91,7064,920,28020,3084,1105,765,26915,1920,2,southeastern/Northern/
1.30712E+11,554.69,55.469,1,28175,3276,1,1.98,1,1,1,18863,25343,1,5592,26874,0,0,0,0,0,0,1,2903,1126,1320,1,4.85,1,2903,4.85,1,1126,554.69,1429,288,22176,1924,382,191,21794,1320,2,southeastern/Northern/
1.40662E+11,559.96,55.996,1,28153,4198,1,3.34,1,1,1,19313,26186,1,5848,29588,0,0,0,0,0,0,1,4950,865,3408,1,4.85,1,4950,4.85,1,865,559.96,9135,924,21824,2333,138,126,21686,1860,2,southeastern/521/
1.40672E+11,451.28,45.128,1,26037,3799,1,3.04,0,1,1,15493,20503,1,4543,22629,0,0,0,0,0,0,1,3129,1366,1440,1,4.15,1,3129,4.15,1,1366,451.28,6182,765,24847,2458,256,187,24591,1500,3,southeastern/Jubilee/Piccadilly/
1.40673E+11,356.29,35.629,1,25458,4077,2,3.04,0,1,1,17854,23801,1,5153,26018,0,0,0,0,0,0,1,3850,939,2200,2,4.85,1,3850,4.85,2,939,356.29,2531,373,24865,2471,274,200,24591,1500,3,southeastern/Jubilee/Piccadilly/
1.40681E+11,625.65,62.565,1,33478,4121,1,3.04,1,1,1,21379,28498,1,6648,32574,0,0,0,0,0,0,1,4035,682,2560,2,4.85,1,4035,4.85,2,682,625.65,2977,490,25248,2961,495,475,24753,2160,2,southeastern/Bakerloo/
1.40681E+11,613.42,61.342,1,45231,3173,1,3.34,1,1,1,18829,25296,1,5620,28242,0,0,0,0,0,0,1,4048,1309,2220,1,4.85,1,4048,4.85,1,1309,613.42,2198,359,21111,2240,400,348,20711,1530,2,southeastern/521/
1.40682E+11,588.52,58.852,1,30232,3353,3,3.34,1,1,1,18308,24497,1,5325,26174,0,0,0,0,0,0,1,3842,1737,2100,0,4.85,1,3842,4.85,0,1737,588.52,2031,384,20570,1800,73,73,20497,1440,2,southeastern/141/
1.40692E+11,613.49,61.349,1,19559,3106,0,1.52,1,1,1,13480,18158,1,3972,20211,0,0,0,0,0,0,1,2351,851,1500,0,4.15,1,2351,4.15,0,851,613.49,7295,901,21454,1717,403,336,21051,1380,1,southeastern/
1.40761E+11,356.81,35.681,1,19546,3249,1,3.04,0,1,1,14082,18898,1,3726,19359,0,0,0,0,0,0,1,3513,658,2540,1,3.35,1,3513,3.35,1,658,356.81,8156,1051,24520,2745,459,345,24061,2400,1,southeastern/
1.40782E+11,428.89,42.889,1,27340,3285,2,3.34,1,1,1,16848,22478,1,5143,25750,0,0,0,0,0,0,1,4155,1214,2460,1,4.15,1,4155,4.15,1,1214,428.89,2496,356,21954,2431,268,224,21686,1860,2,southeastern/521/
1.40782E+11,405.34,40.534,1,26761,3068,1,3.04,1,1,1,16565,22162,1,4971,25124,0,0,0,0,0,0,1,2768,858,1920,0,4.15,1,2768,4.15,0,858,405.34,3699,474,22405,1895,133,95,22272,1800,1,southeastern/
1.40782E+11,428.89,42.889,1,25271,3354,1,1.98,1,1,1,16628,22208,1,5065,25366,0,0,0,0,0,0,1,3890,786,2790,1,4.15,1,3890,4.15,1,786,428.89,4109,570,24377,3102,340,288,24037,2442,2,southeastern/243/
1.40782E+11,461.59,46.159,1,23290,3476,1,1.71,1,1,1,14911,20100,1,4154,21399,0,0,0,0,0,0,1,2482,1104,1380,0,4.15,1,2482,4.15,0,1104,461.59,3849,533,19767,1278,358,258,19409,1020,1,southeastern/
1.40782E+11,626.65,62.665,1,28534,3289,2,3.04,1,1,1,17303,23177,1,5069,25948,0,0,0,0,0,0,1,2670,505,1920,1,4.85,1,2670,4.85,1,505,626.65,1681,274,22750,2170,478,370,22272,1800,1,southeastern/
1.40813E+11,360.98,36.098,1,24396,2811,2,1.71,1,1,1,14973,20131,1,4205,21409,0,0,0,0,0,0,1,2696,502,1597,1,4.15,1,2696,4.15,1,502,360.98,3779,517,19775,1287,366,266,19409,1020,1,southeastern/
